slug,status,source,path,bytes,title,year,doi,arxiv
10.1609_aaai.v38i10.28948,skip_exists,cache,/work/mech-ai-scratch/tirtho/RecusrsiveQFormer/lit_pipeline/pdfs/10.1609_aaai.v38i10.28948.pdf,1025867,Prot2Text: Multimodal Protein’s Function Generation with GNNs and Transformers,2024,10.1609/aaai.v38i10.28948,
10.1609_aaai.v38i2.27874,skip_exists,cache,/work/mech-ai-scratch/tirtho/RecusrsiveQFormer/lit_pipeline/pdfs/10.1609_aaai.v38i2.27874.pdf,1594455,Multi-Prototype Space Learning for Commonsense-Based Scene Graph Generation,2024,10.1609/aaai.v38i2.27874,
10.1609_aaai.v38i10.28988,skip_exists,cache,/work/mech-ai-scratch/tirtho/RecusrsiveQFormer/lit_pipeline/pdfs/10.1609_aaai.v38i10.28988.pdf,915097,HyperFast: Instant Classification for Tabular Data,2024,10.1609/aaai.v38i10.28988,
10.1609_aaai.v38i1.27770,skip_exists,cache,/work/mech-ai-scratch/tirtho/RecusrsiveQFormer/lit_pipeline/pdfs/10.1609_aaai.v38i1.27770.pdf,2018517,Improving PTM Site Prediction by Coupling of Multi-Granularity Structure and Multi-Scale Sequence Representation,2024,10.1609/aaai.v38i1.27770,
10.1609_aaai.v38i1.27789,skip_exists,cache,/work/mech-ai-scratch/tirtho/RecusrsiveQFormer/lit_pipeline/pdfs/10.1609_aaai.v38i1.27789.pdf,4731371,Unsupervised Gene-Cell Collective Representation Learning with Optimal Transport,2024,10.1609/aaai.v38i1.27789,
10.1609_aaai.v38i9.28924,skip_exists,cache,/work/mech-ai-scratch/tirtho/RecusrsiveQFormer/lit_pipeline/pdfs/10.1609_aaai.v38i9.28924.pdf,1794677,Knowledge Enhanced Representation Learning for Drug Discovery,2024,10.1609/aaai.v38i9.28924,
10.1609_aaai.v39i1.31998,skip_exists,cache,/work/mech-ai-scratch/tirtho/RecusrsiveQFormer/lit_pipeline/pdfs/10.1609_aaai.v39i1.31998.pdf,1343114,FoldToken: Learning Protein Language via Vector Quantization and Beyond,2025,10.1609/aaai.v39i1.31998,
10.1609_aaai.v39i21.34456,skip_exists,cache,/work/mech-ai-scratch/tirtho/RecusrsiveQFormer/lit_pipeline/pdfs/10.1609_aaai.v39i21.34456.pdf,344274,ProtCLIP: Function-Informed Protein Multi-Modal Learning,2025,10.1609/aaai.v39i21.34456,
10.1609_aaai.v38i1.27753,skip_exists,cache,/work/mech-ai-scratch/tirtho/RecusrsiveQFormer/lit_pipeline/pdfs/10.1609_aaai.v38i1.27753.pdf,1738487,Neural Embeddings for kNN Search in Biological Sequence,2024,10.1609/aaai.v38i1.27753,
10.1609_aaai.v39i20.35436,skip_exists,cache,/work/mech-ai-scratch/tirtho/RecusrsiveQFormer/lit_pipeline/pdfs/10.1609_aaai.v39i20.35436.pdf,16456230,Dimension Reduction with Locally Adjusted Graphs,2025,10.1609/aaai.v39i20.35436,
10.1609_aaai.v39i20.35500,skip_exists,cache,/work/mech-ai-scratch/tirtho/RecusrsiveQFormer/lit_pipeline/pdfs/10.1609_aaai.v39i20.35500.pdf,198524,Bridging Sequence-Structure Alignment in RNA Foundation Models,2025,10.1609/aaai.v39i20.35500,
10.1609_aaai.v39i1.32086,skip_exists,cache,/work/mech-ai-scratch/tirtho/RecusrsiveQFormer/lit_pipeline/pdfs/10.1609_aaai.v39i1.32086.pdf,2332472,Accurate Nucleic Acid-Binding Residue Identification Based Domain-Adaptive Protein Language Model and Explainable Geometric Deep Learning,2025,10.1609/aaai.v39i1.32086,
10.1609_aaai.v39i2.32170,skip_exists,cache,/work/mech-ai-scratch/tirtho/RecusrsiveQFormer/lit_pipeline/pdfs/10.1609_aaai.v39i2.32170.pdf,440446,CA-MLIF: Cross-Attention and Multimodal Low-Rank Interaction Fusion Framework for Tumor Prognostic Prediction,2025,10.1609/aaai.v39i2.32170,
10.1609_aaai.v38i1.27784,skip_exists,cache,/work/mech-ai-scratch/tirtho/RecusrsiveQFormer/lit_pipeline/pdfs/10.1609_aaai.v38i1.27784.pdf,1302255,PSC-CPI: Multi-Scale Protein Sequence-Structure Contrasting for Efficient and Generalizable Compound-Protein Interaction Prediction,2024,10.1609/aaai.v38i1.27784,
10.1609_aaai.v38i12.29248,skip_exists,cache,/work/mech-ai-scratch/tirtho/RecusrsiveQFormer/lit_pipeline/pdfs/10.1609_aaai.v38i12.29248.pdf,3261616,GxVAEs: Two Joint VAEs Generate Hit Molecules from Gene Expression Profiles,2024,10.1609/aaai.v38i12.29248,
10.1609_aaai.v38i14.29453,skip_exists,cache,/work/mech-ai-scratch/tirtho/RecusrsiveQFormer/lit_pipeline/pdfs/10.1609_aaai.v38i14.29453.pdf,9831318,Comprehensive View Embedding Learning for Single-Cell Multimodal Integration,2024,10.1609/aaai.v38i14.29453,
10.1609_aaai.v38i3.28044,skip_exists,cache,/work/mech-ai-scratch/tirtho/RecusrsiveQFormer/lit_pipeline/pdfs/10.1609_aaai.v38i3.28044.pdf,5930812,CrossBind: Collaborative Cross-Modal Identification of Protein Nucleic-Acid-Binding Residues,2024,10.1609/aaai.v38i3.28044,
10.1609_aaai.v39i1.32001,skip_exists,cache,/work/mech-ai-scratch/tirtho/RecusrsiveQFormer/lit_pipeline/pdfs/10.1609_aaai.v39i1.32001.pdf,1297223,CoPRA: Bridging Cross-domain Pretrained Sequence Models with Complex Structures for Protein-RNA Binding Affinity Prediction,2025,10.1609/aaai.v39i1.32001,
10.1609_aaai.v38i1.27792,skip_exists,cache,/work/mech-ai-scratch/tirtho/RecusrsiveQFormer/lit_pipeline/pdfs/10.1609_aaai.v38i1.27792.pdf,1600734,Designing Biological Sequences without Prior Knowledge Using Evolutionary Reinforcement Learning,2024,10.1609/aaai.v38i1.27792,
10.1609_aaai.v39i15.33695,skip_exists,cache,/work/mech-ai-scratch/tirtho/RecusrsiveQFormer/lit_pipeline/pdfs/10.1609_aaai.v39i15.33695.pdf,9467515,Cradle-VAE: Enhancing Single-Cell Gene Perturbation Modeling with Counterfactual Reasoning-based Artifact Disentanglement,2025,10.1609/aaai.v39i15.33695,
10.1609_aaai.v38i14.29509,skip_exists,cache,/work/mech-ai-scratch/tirtho/RecusrsiveQFormer/lit_pipeline/pdfs/10.1609_aaai.v38i14.29509.pdf,1304622,Levenshtein Distance Embedding with Poisson Regression for DNA Storage,2024,10.1609/aaai.v38i14.29509,
10.1609_aaai.v39i1.32025,skip_exists,cache,/work/mech-ai-scratch/tirtho/RecusrsiveQFormer/lit_pipeline/pdfs/10.1609_aaai.v39i1.32025.pdf,1832646,Whole Genome Transformer for Gene Interaction Effects in Microbiome Habitat Specificity,2025,10.1609/aaai.v39i1.32025,
10.1609_aaai.v39i15.33740,skip_exists,cache,/work/mech-ai-scratch/tirtho/RecusrsiveQFormer/lit_pipeline/pdfs/10.1609_aaai.v39i15.33740.pdf,1934608,SpotDiff: Spatial Gene Expression Imputation Diffusion with Single-Cell RNA Sequencing Data Integration,2025,10.1609/aaai.v39i15.33740,
10.1609_aaai.v40i1.36962,skip_exists,cache,/work/mech-ai-scratch/tirtho/RecusrsiveQFormer/lit_pipeline/pdfs/10.1609_aaai.v40i1.36962.pdf,2981199,Learning Structurally Stabilized Representations for Lossless DNA Storage,2026,10.1609/aaai.v40i1.36962,
10.1609_aaai.v40i26.39289,skip_exists,cache,/work/mech-ai-scratch/tirtho/RecusrsiveQFormer/lit_pipeline/pdfs/10.1609_aaai.v40i26.39289.pdf,166458,"Disturbance-based Discretization, Differentiable IDS Channel, and an IDS-Correcting Code for DNA-based Storage",2026,10.1609/aaai.v40i26.39289,
10.1609_aaai.v40i1.37046,skip_exists,cache,/work/mech-ai-scratch/tirtho/RecusrsiveQFormer/lit_pipeline/pdfs/10.1609_aaai.v40i1.37046.pdf,3221305,CLM-Access: A Specialized Foundation Model for High-Dimensional Single-Cell ATAC-Seq Analysis,2026,10.1609/aaai.v40i1.37046,
10.1609_aaai.v40i28.39524,skip_exists,cache,/work/mech-ai-scratch/tirtho/RecusrsiveQFormer/lit_pipeline/pdfs/10.1609_aaai.v40i28.39524.pdf,5451378,FedDNA: DNA Sequence Reconstruction via Deep Evidential Learning and Personalized Federated Aggregation,2026,10.1609/aaai.v40i28.39524,
10.1609_aaai.v39i1.32092,skip_exists,cache,/work/mech-ai-scratch/tirtho/RecusrsiveQFormer/lit_pipeline/pdfs/10.1609_aaai.v39i1.32092.pdf,671696,mRNA2vec: mRNA Embedding with Language Model in the 5'UTR-CDS for mRNA Design,2025,10.1609/aaai.v39i1.32092,
10.1609_aaai.v39i19.34194,skip_exists,cache,/work/mech-ai-scratch/tirtho/RecusrsiveQFormer/lit_pipeline/pdfs/10.1609_aaai.v39i19.34194.pdf,2452857,Denoising Diffusion Variational Inference: Diffusion Models as Expressive Variational Posteriors,2025,10.1609/aaai.v39i19.34194,
10.1609_aaai.v38i21.30446,skip_exists,cache,/work/mech-ai-scratch/tirtho/RecusrsiveQFormer/lit_pipeline/pdfs/10.1609_aaai.v38i21.30446.pdf,91872,Enhancing Transcription Factor Prediction through Multi-Task Learning (Student Abstract),2024,10.1609/aaai.v38i21.30446,
10.1609_aaai.v39i1.32030,skip_exists,cache,/work/mech-ai-scratch/tirtho/RecusrsiveQFormer/lit_pipeline/pdfs/10.1609_aaai.v39i1.32030.pdf,2917844,Controllable Protein Sequence Generation with LLM Preference Optimization,2025,10.1609/aaai.v39i1.32030,
10.1609_aaai.v39i25.34897,skip_exists,cache,/work/mech-ai-scratch/tirtho/RecusrsiveQFormer/lit_pipeline/pdfs/10.1609_aaai.v39i25.34897.pdf,142523,Fast Contiguous Somatic Hypermutations for Single-Objective Optimisation and Multi-Objective Optimisation Via Decomposition,2025,10.1609/aaai.v39i25.34897,
10.1609_aaai.v39i12.33371,skip_exists,cache,/work/mech-ai-scratch/tirtho/RecusrsiveQFormer/lit_pipeline/pdfs/10.1609_aaai.v39i12.33371.pdf,1321346,"Genomics Data Lossless Compression with (S, K)-Mer Encoding and Deep Neural Networks",2025,10.1609/aaai.v39i12.33371,
10.1609_aaai.v39i1.32098,skip_exists,cache,/work/mech-ai-scratch/tirtho/RecusrsiveQFormer/lit_pipeline/pdfs/10.1609_aaai.v39i1.32098.pdf,11981434,Exploit Your Latents: Coarse-Grained Protein Backmapping with Latent Diffusion Models,2025,10.1609/aaai.v39i1.32098,
10.1609_aaai.v39i1.32080,skip_exists,cache,/work/mech-ai-scratch/tirtho/RecusrsiveQFormer/lit_pipeline/pdfs/10.1609_aaai.v39i1.32080.pdf,644855,PriFold: Biological Priors Improve RNA Secondary Structure Predictions,2025,10.1609/aaai.v39i1.32080,
10.1609_aaai.v39i1.31989,skip_exists,cache,/work/mech-ai-scratch/tirtho/RecusrsiveQFormer/lit_pipeline/pdfs/10.1609_aaai.v39i1.31989.pdf,2075752,Improving Cancer Gene Prediction by Enhancing Common Information Between the PPI Network and Gene Functional Association,2025,10.1609/aaai.v39i1.31989,
10.1609_aaai.v39i27.35126,skip_exists,cache,/work/mech-ai-scratch/tirtho/RecusrsiveQFormer/lit_pipeline/pdfs/10.1609_aaai.v39i27.35126.pdf,45811,Compression-Aware Computing for Scalable and Sustainable AI,2025,10.1609/aaai.v39i27.35126,
10.1609_aaai.v39i27.35021,skip_exists,cache,/work/mech-ai-scratch/tirtho/RecusrsiveQFormer/lit_pipeline/pdfs/10.1609_aaai.v39i27.35021.pdf,570549,Optimizing Gene-Based Testing for Antibiotic Resistance Prediction,2025,10.1609/aaai.v39i27.35021,
10.1609_aaai.v39i20.35456,skip_exists,cache,/work/mech-ai-scratch/tirtho/RecusrsiveQFormer/lit_pipeline/pdfs/10.1609_aaai.v39i20.35456.pdf,884302,APAR: Modeling Irregular Target Functions in Tabular Regression via Arithmetic-Aware Pre-Training and Adaptive-Regularized Fine-Tuning,2025,10.1609/aaai.v39i20.35456,
10.1609_aaai.v39i18.34073,skip_exists,cache,/work/mech-ai-scratch/tirtho/RecusrsiveQFormer/lit_pipeline/pdfs/10.1609_aaai.v39i18.34073.pdf,2914149,Learning Cross-Domain Representations for Transferable Drug Perturbations on Single-Cell Transcriptional Responses,2025,10.1609/aaai.v39i18.34073,
10.1609_aaai.v39i12.33436,skip_exists,cache,/work/mech-ai-scratch/tirtho/RecusrsiveQFormer/lit_pipeline/pdfs/10.1609_aaai.v39i12.33436.pdf,588000,Rethinking Cancer Gene Identification Through Graph Anomaly Analysis,2025,10.1609/aaai.v39i12.33436,
10.1609_aaai.v39i4.32362,skip_exists,cache,/work/mech-ai-scratch/tirtho/RecusrsiveQFormer/lit_pipeline/pdfs/10.1609_aaai.v39i4.32362.pdf,1667797,Generalized Class Discovery in Instance Segmentation,2025,10.1609/aaai.v39i4.32362,
10.1609_aaai.v39i1.32049,skip_exists,cache,/work/mech-ai-scratch/tirtho/RecusrsiveQFormer/lit_pipeline/pdfs/10.1609_aaai.v39i1.32049.pdf,266005,A Simple and Comprehensive Benchmark for Single-Cell Transcriptomics,2025,10.1609/aaai.v39i1.32049,
10.1609_aaai.v38i13.29386,skip_exists,cache,/work/mech-ai-scratch/tirtho/RecusrsiveQFormer/lit_pipeline/pdfs/10.1609_aaai.v38i13.29386.pdf,1824133,Tree Search-Based Evolutionary Bandits for Protein Sequence Optimization,2024,10.1609/aaai.v38i13.29386,
10.1609_aaai.v38i21.30533,skip_exists,cache,/work/mech-ai-scratch/tirtho/RecusrsiveQFormer/lit_pipeline/pdfs/10.1609_aaai.v38i21.30533.pdf,293788,Leverage the Explainability of Transformer Models to Improve the DNA 5-Methylcytosine Identification (Student Abstract),2024,10.1609/aaai.v38i21.30533,
10.1609_aaai.v39i1.32043,skip_exists,cache,/work/mech-ai-scratch/tirtho/RecusrsiveQFormer/lit_pipeline/pdfs/10.1609_aaai.v39i1.32043.pdf,564374,GoBERT: Gene Ontology Graph Informed BERT for Universal Gene Function Prediction,2025,10.1609/aaai.v39i1.32043,
10.1609_aaai.v39i1.32087,skip_exists,cache,/work/mech-ai-scratch/tirtho/RecusrsiveQFormer/lit_pipeline/pdfs/10.1609_aaai.v39i1.32087.pdf,1030172,SWAMamba: A Sliding Window Attention Mamba Framework for Predicting Translation Elongation Rates,2025,10.1609/aaai.v39i1.32087,
10.1609_aaai.v39i28.35242,skip_exists,cache,/work/mech-ai-scratch/tirtho/RecusrsiveQFormer/lit_pipeline/pdfs/10.1609_aaai.v39i28.35242.pdf,4045685,scMBERT: A Pre-Trained Deep Learning Model for Single-Cell Multiomic Data Representation and Prediction (Student Abstract),2025,10.1609/aaai.v39i28.35242,
10.1609_aaai.v39i17.34032,skip_exists,cache,/work/mech-ai-scratch/tirtho/RecusrsiveQFormer/lit_pipeline/pdfs/10.1609_aaai.v39i17.34032.pdf,717702,Unravelling Causal Genetic Biomarkers of Alzheimer’s Disease via Neuron to Gene-token Backtracking in Neural Architecture: A Groundbreaking Reverse-Gene-Finder Approach,2025,10.1609/aaai.v39i17.34032,
10.1609_aaai.v40i19.38666,skip_exists,cache,/work/mech-ai-scratch/tirtho/RecusrsiveQFormer/lit_pipeline/pdfs/10.1609_aaai.v40i19.38666.pdf,7837074,Sequence-Free for Compound Protein Interaction Prediction,2026,10.1609/aaai.v40i19.38666,
10.1609_aaai.v40i19.38673,skip_exists,cache,/work/mech-ai-scratch/tirtho/RecusrsiveQFormer/lit_pipeline/pdfs/10.1609_aaai.v40i19.38673.pdf,5114045,Evidence-aware Integration and Domain Identification of Spatial Transcriptomics Data,2026,10.1609/aaai.v40i19.38673,
10.1609_aaai.v40i2.37110,skip_exists,cache,/work/mech-ai-scratch/tirtho/RecusrsiveQFormer/lit_pipeline/pdfs/10.1609_aaai.v40i2.37110.pdf,4366477,scCluBench: Comprehensive Benchmarking of Clustering Algorithms for Single-Cell RNA Sequencing,2026,10.1609/aaai.v40i2.37110,
10.1609_aaai.v40i21.38861,skip_exists,cache,/work/mech-ai-scratch/tirtho/RecusrsiveQFormer/lit_pipeline/pdfs/10.1609_aaai.v40i21.38861.pdf,7425537,GATCL: An Adaptive Contrastive Learning Framework Based on MHGAT for Spatial Domain Identification in Spatial Transcriptomics,2026,10.1609/aaai.v40i21.38861,
10.1609_aaai.v40i2.37070,skip_exists,cache,/work/mech-ai-scratch/tirtho/RecusrsiveQFormer/lit_pipeline/pdfs/10.1609_aaai.v40i2.37070.pdf,548305,Structure-based RNA Design by Step-wise Optimization of Latent Diffusion Model,2026,10.1609/aaai.v40i2.37070,
10.1609_aaai.v40i1.37032,skip_exists,cache,/work/mech-ai-scratch/tirtho/RecusrsiveQFormer/lit_pipeline/pdfs/10.1609_aaai.v40i1.37032.pdf,1412400,MergeDNA: Context-Aware Genome Modeling with Dynamic Tokenization Through Token Merging,2026,10.1609/aaai.v40i1.37032,
10.1609_aaai.v40i32.39944,skip_exists,cache,/work/mech-ai-scratch/tirtho/RecusrsiveQFormer/lit_pipeline/pdfs/10.1609_aaai.v40i32.39944.pdf,7753361,FuseMine: Robust Multi-Modal Compound-Protein Interaction Prediction via Differential Attention Feature Mining,2026,10.1609/aaai.v40i32.39944,
10.1609_aaai.v40i31.39806,skip_exists,cache,/work/mech-ai-scratch/tirtho/RecusrsiveQFormer/lit_pipeline/pdfs/10.1609_aaai.v40i31.39806.pdf,2846164,Hybrid Restricted Master Problem for Boolean Matrix Factorisation,2026,10.1609/aaai.v40i31.39806,
10.1609_aaai.v40i11.37857,skip_exists,cache,/work/mech-ai-scratch/tirtho/RecusrsiveQFormer/lit_pipeline/pdfs/10.1609_aaai.v40i11.37857.pdf,3488503,Auxiliary Gene Learning: Spatial Gene Expression Estimation by Auxiliary Gene Selection,2026,10.1609/aaai.v40i11.37857,
10.1609_aaai.v40i40.40713,skip_exists,cache,/work/mech-ai-scratch/tirtho/RecusrsiveQFormer/lit_pipeline/pdfs/10.1609_aaai.v40i40.40713.pdf,2285511,ST-LLM: Spatial Transcriptomics Embedding with Large Language Models,2026,10.1609/aaai.v40i40.40713,
10.1609_aaai.v40i1.37041,skip_exists,cache,/work/mech-ai-scratch/tirtho/RecusrsiveQFormer/lit_pipeline/pdfs/10.1609_aaai.v40i1.37041.pdf,15837110,CellStream: Dynamical Optimal Transport Informed Embeddings for Reconstructing Cellular Trajectories from Snapshots Data,2026,10.1609/aaai.v40i1.37041,
10.1609_aaai.v40i1.37027,skip_exists,cache,/work/mech-ai-scratch/tirtho/RecusrsiveQFormer/lit_pipeline/pdfs/10.1609_aaai.v40i1.37027.pdf,853996,Learning Cell-Aware Hierarchical Multi-Modal Representations for Robust Molecular Modeling,2026,10.1609/aaai.v40i1.37027,
10.1609_aaai.v40i29.39613,skip_exists,cache,/work/mech-ai-scratch/tirtho/RecusrsiveQFormer/lit_pipeline/pdfs/10.1609_aaai.v40i29.39613.pdf,433085,Loss-Guided Auxiliary Agents for Overcoming Mode Collapse in GFlowNets,2026,10.1609/aaai.v40i29.39613,
10.1609_aaai.v40i26.39367,skip_exists,cache,/work/mech-ai-scratch/tirtho/RecusrsiveQFormer/lit_pipeline/pdfs/10.1609_aaai.v40i26.39367.pdf,1642169,Oxytrees: Model Trees for Bipartite Learning,2026,10.1609/aaai.v40i26.39367,
10.1609_aaai.v40i1.36997,skip_exists,cache,/work/mech-ai-scratch/tirtho/RecusrsiveQFormer/lit_pipeline/pdfs/10.1609_aaai.v40i1.36997.pdf,1265051,S²Drug: Bridging Protein Sequence and 3D Structure in Contrastive Representation Learning for Virtual Screening,2026,10.1609/aaai.v40i1.36997,
10.1609_aaai.v40i2.37084,skip_exists,cache,/work/mech-ai-scratch/tirtho/RecusrsiveQFormer/lit_pipeline/pdfs/10.1609_aaai.v40i2.37084.pdf,1873334,Efficient Protein Optimization via Structure-aware Hamiltonian Dynamics,2026,10.1609/aaai.v40i2.37084,
10.1609_aaai.v40i1.37008,skip_exists,cache,/work/mech-ai-scratch/tirtho/RecusrsiveQFormer/lit_pipeline/pdfs/10.1609_aaai.v40i1.37008.pdf,1765702,PanFoMa: A Lightweight Foundation Model and Benchmark for Pan-Cancer,2026,10.1609/aaai.v40i1.37008,
10.1609_aaai.v40i33.39980,skip_exists,cache,/work/mech-ai-scratch/tirtho/RecusrsiveQFormer/lit_pipeline/pdfs/10.1609_aaai.v40i33.39980.pdf,565368,TrinityDNA: A Bio-Inspired Foundational Model for Efficient Long-Sequence DNA Modeling,2026,10.1609/aaai.v40i33.39980,
10.1609_aaai.v40i21.38862,skip_exists,cache,/work/mech-ai-scratch/tirtho/RecusrsiveQFormer/lit_pipeline/pdfs/10.1609_aaai.v40i21.38862.pdf,13758358,SAMGTD: Spatial-Aware Masked Graph Transformer-Diffusion Model for Enhanced Cell Type Deconvolution in Spatial Transcriptomics,2026,10.1609/aaai.v40i21.38862,
10.1609_aaai.v40i24.39048,skip_exists,cache,/work/mech-ai-scratch/tirtho/RecusrsiveQFormer/lit_pipeline/pdfs/10.1609_aaai.v40i24.39048.pdf,4296103,Multi-Level Domain Adaptation and Contrastive Domain Isolation with Bilinear Fusion for Patient Drug Response Prediction,2026,10.1609/aaai.v40i24.39048,
10.1609_aaai.v40i2.37114,skip_exists,cache,/work/mech-ai-scratch/tirtho/RecusrsiveQFormer/lit_pipeline/pdfs/10.1609_aaai.v40i2.37114.pdf,405041,GenePheno: Interpretable Gene Knockout-Induced Phenotype Abnormality Prediction from Gene Sequences,2026,10.1609/aaai.v40i2.37114,
10.1609_aaai.v40i1.37047,skip_exists,cache,/work/mech-ai-scratch/tirtho/RecusrsiveQFormer/lit_pipeline/pdfs/10.1609_aaai.v40i1.37047.pdf,2895452,When Genes Speak: A Semantic-Guided Framework for Spatially Resolved Transcriptomics Data Clustering,2026,10.1609/aaai.v40i1.37047,
10.1609_aaai.v40i2.37128,skip_exists,cache,/work/mech-ai-scratch/tirtho/RecusrsiveQFormer/lit_pipeline/pdfs/10.1609_aaai.v40i2.37128.pdf,728852,Domain-Aware Multi-View Contrastive Representation Learning for Protein Subcellular Localization Prediction,2026,10.1609/aaai.v40i2.37128,
10.1609_aaai.v40i25.39190,skip_exists,cache,/work/mech-ai-scratch/tirtho/RecusrsiveQFormer/lit_pipeline/pdfs/10.1609_aaai.v40i25.39190.pdf,381590,Departures: Distributional Transport for Single-Cell Perturbation Prediction with Neural Schrödinger Bridges,2026,10.1609/aaai.v40i25.39190,
10.1609_aaai.v40i31.39843,skip_exists,cache,/work/mech-ai-scratch/tirtho/RecusrsiveQFormer/lit_pipeline/pdfs/10.1609_aaai.v40i31.39843.pdf,3185782,Robust Integrative Analysis of Multi-omics Datasets via Nuclear-norm Maximization,2026,10.1609/aaai.v40i31.39843,
10.1609_aaai.v40i21.38804,skip_exists,cache,/work/mech-ai-scratch/tirtho/RecusrsiveQFormer/lit_pipeline/pdfs/10.1609_aaai.v40i21.38804.pdf,1775486,SSL-CST: Cell Segmentation for Single-Cell Spatial Transcriptome Based on Self-Supervised Learning,2026,10.1609/aaai.v40i21.38804,
10.1609_aaai.v40i2.37102,skip_exists,cache,/work/mech-ai-scratch/tirtho/RecusrsiveQFormer/lit_pipeline/pdfs/10.1609_aaai.v40i2.37102.pdf,333602,Investigating Data Pruning for Pretraining Biological Foundation Models at Scale,2026,10.1609/aaai.v40i2.37102,
10.1609_aaai.v40i2.37059,skip_exists,cache,/work/mech-ai-scratch/tirtho/RecusrsiveQFormer/lit_pipeline/pdfs/10.1609_aaai.v40i2.37059.pdf,4102325,Refinement Contrastive Learning of Cell–Gene Associations for Unsupervised Cell Type Identification,2026,10.1609/aaai.v40i2.37059,
10.1609_aaai.v40i1.37037,skip_exists,cache,/work/mech-ai-scratch/tirtho/RecusrsiveQFormer/lit_pipeline/pdfs/10.1609_aaai.v40i1.37037.pdf,13184804,DS-ProGen: A Dual-Structure Deep Language Model for Functional Protein Design,2026,10.1609/aaai.v40i1.37037,
10.1609_aaai.v40i2.37055,skip_exists,cache,/work/mech-ai-scratch/tirtho/RecusrsiveQFormer/lit_pipeline/pdfs/10.1609_aaai.v40i2.37055.pdf,249044,The GATTACA Framework: Graph Neural Network-Based Reinforcement Learning for Controlling Biological Networks,2026,10.1609/aaai.v40i2.37055,
10.1609_aaai.v40i9.37646,skip_exists,cache,/work/mech-ai-scratch/tirtho/RecusrsiveQFormer/lit_pipeline/pdfs/10.1609_aaai.v40i9.37646.pdf,3639868,Learning to Cluster Rare Cell Types: Implicit Semantic Data Augmentation for Spatial Multi-modal Omics Analysis,2026,10.1609/aaai.v40i9.37646,
10.1609_aaai.v40i1.37012,skip_exists,cache,/work/mech-ai-scratch/tirtho/RecusrsiveQFormer/lit_pipeline/pdfs/10.1609_aaai.v40i1.37012.pdf,3554704,RMSAGen: Integrating Multiple Sequence Alignment for Function RNA Design,2026,10.1609/aaai.v40i1.37012,
10.1609_aaai.v40i46.41280,skip_exists,cache,/work/mech-ai-scratch/tirtho/RecusrsiveQFormer/lit_pipeline/pdfs/10.1609_aaai.v40i46.41280.pdf,1136644,BSAN: Behavioral State Attention Network for Modeling Mosquito Host-Seeking Behavior,2026,10.1609/aaai.v40i46.41280,
10.1609_aaai.v40i47.41378,skip_exists,cache,/work/mech-ai-scratch/tirtho/RecusrsiveQFormer/lit_pipeline/pdfs/10.1609_aaai.v40i47.41378.pdf,36308,Learngene: Inheritable ‘Genes’ in Intelligent Agents (Abstract Reprint),2026,10.1609/aaai.v40i47.41378,
10.1609_aaai.v40i47.41443,skip_exists,cache,/work/mech-ai-scratch/tirtho/RecusrsiveQFormer/lit_pipeline/pdfs/10.1609_aaai.v40i47.41443.pdf,2543065,Efficient Chromosome Parallelization for Precision Medicine Genomic Workflows,2026,10.1609/aaai.v40i47.41443,
10.1609_aaai.v40i48.42320,skip_exists,cache,/work/mech-ai-scratch/tirtho/RecusrsiveQFormer/lit_pipeline/pdfs/10.1609_aaai.v40i48.42320.pdf,71342,Towards Data-Efficient Deep Learning for RNA 3D Structure Prediction and Design,2026,10.1609/aaai.v40i48.42320,
nTwb2vBLOV,skip_exists,cache,/work/mech-ai-scratch/tirtho/RecusrsiveQFormer/lit_pipeline/pdfs/nTwb2vBLOV.pdf,671259,Rethinking the Power of Graph Canonization in Graph Representation Learning with Stability,2024,,
Fj7Fzm5lWL,skip_exists,cache,/work/mech-ai-scratch/tirtho/RecusrsiveQFormer/lit_pipeline/pdfs/Fj7Fzm5lWL.pdf,9495604,Let's do the time-warp-attend: Learning topological invariants of dynamical systems,2024,,
BEH4mGo7zP,skip_exists,cache,/work/mech-ai-scratch/tirtho/RecusrsiveQFormer/lit_pipeline/pdfs/BEH4mGo7zP.pdf,1966808,"Pre-training Sequence, Structure, and Surface Features for Comprehensive Protein Representation Learning",2024,,
xhEN0kJh4q,skip_exists,cache,/work/mech-ai-scratch/tirtho/RecusrsiveQFormer/lit_pipeline/pdfs/xhEN0kJh4q.pdf,6180009,Robust Model-Based Optimization for Challenging Fitness Landscapes,2024,,
uKB4cFNQFg,ok,s2_openaccess,/work/mech-ai-scratch/tirtho/RecusrsiveQFormer/lit_pipeline/pdfs/uKB4cFNQFg.pdf,1475195,BEND: Benchmarking DNA Language Models on Biologically Meaningful Tasks,2024,,
itGkF993gz,ok,s2_openaccess,/work/mech-ai-scratch/tirtho/RecusrsiveQFormer/lit_pipeline/pdfs/itGkF993gz.pdf,1528957,MAPE-PPI: Towards Effective and Efficient Protein-Protein Interaction Prediction via Microenvironment-Aware Protein Embedding,2024,,
Xlayxj2fWp,skip_exists,cache,/work/mech-ai-scratch/tirtho/RecusrsiveQFormer/lit_pipeline/pdfs/Xlayxj2fWp.pdf,875987,DNA-GPT: Divergent N-Gram Analysis for Training-Free Detection of GPT-Generated Text,2024,,
RemfXx7ebP,ok,s2_openaccess,/work/mech-ai-scratch/tirtho/RecusrsiveQFormer/lit_pipeline/pdfs/RemfXx7ebP.pdf,5267316,RDesign: Hierarchical Data-efficient Representation Learning for Tertiary Structure-based RNA Design,2024,,
BKXvPDekud,ok,s2_openaccess,/work/mech-ai-scratch/tirtho/RecusrsiveQFormer/lit_pipeline/pdfs/BKXvPDekud.pdf,6685800,CellPLM: Pre-training of Cell Language Model Beyond Single Cells,2024,,
oMLQB4EZE1,ok,s2_openaccess,/work/mech-ai-scratch/tirtho/RecusrsiveQFormer/lit_pipeline/pdfs/oMLQB4EZE1.pdf,409202,DNABERT-2: Efficient Foundation Model and Benchmark For Multi-Species Genomes,2024,,
P15CHILQlg,ok,s2_openaccess,/work/mech-ai-scratch/tirtho/RecusrsiveQFormer/lit_pipeline/pdfs/P15CHILQlg.pdf,2063815,Learning Energy Decompositions for Partial Inference in GFlowNets,2024,,
9W6KaAcYlr,ok,s2_openaccess,/work/mech-ai-scratch/tirtho/RecusrsiveQFormer/lit_pipeline/pdfs/9W6KaAcYlr.pdf,1730049,Most discriminative stimuli for functional cell type clustering,2024,,
vBw8JGBJWj,ok,s2_openaccess,/work/mech-ai-scratch/tirtho/RecusrsiveQFormer/lit_pipeline/pdfs/vBw8JGBJWj.pdf,3736850,Encoding Unitig-level Assembly Graphs with Heterophilous Constraints for Metagenomic Contigs Binning,2024,,
6MRm3G4NiU,ok,s2_openaccess,/work/mech-ai-scratch/tirtho/RecusrsiveQFormer/lit_pipeline/pdfs/6MRm3G4NiU.pdf,4933295,SaProt: Protein Language Modeling with Structure-aware Vocabulary,2024,,
jJCeMiwHdH,ok,s2_openaccess,/work/mech-ai-scratch/tirtho/RecusrsiveQFormer/lit_pipeline/pdfs/jJCeMiwHdH.pdf,1752416,BioBridge: Bridging Biomedical Foundation Models via Knowledge Graphs,2024,,
gFR4QwK53h,ok,s2_openaccess,/work/mech-ai-scratch/tirtho/RecusrsiveQFormer/lit_pipeline/pdfs/gFR4QwK53h.pdf,1889717,Gene Regulatory Network Inference in the Presence of Dropouts: a Causal View,2024,,
WwmtcGr4lP,ok,s2_openaccess,/work/mech-ai-scratch/tirtho/RecusrsiveQFormer/lit_pipeline/pdfs/WwmtcGr4lP.pdf,1532068,GANDALF: Generative AttentioN based Data Augmentation and predictive modeLing Framework for personalized cancer treatment,2025,,
NkGDNM8LB0,ok,s2_openaccess,/work/mech-ai-scratch/tirtho/RecusrsiveQFormer/lit_pipeline/pdfs/NkGDNM8LB0.pdf,9593594,Hyperbolic Genome Embeddings,2025,,
FUaDMRVrbS,ok,s2_openaccess,/work/mech-ai-scratch/tirtho/RecusrsiveQFormer/lit_pipeline/pdfs/FUaDMRVrbS.pdf,2511941,Identifiability for Gaussian Processes with Holomorphic Kernels,2025,,
hwnObmOTrV,ok,s2_openaccess,/work/mech-ai-scratch/tirtho/RecusrsiveQFormer/lit_pipeline/pdfs/hwnObmOTrV.pdf,8527704,Modeling Complex System Dynamics with Flow Matching Across Time and Conditions,2025,,
Mfnh1Sqdwf,ok,s2_openaccess,/work/mech-ai-scratch/tirtho/RecusrsiveQFormer/lit_pipeline/pdfs/Mfnh1Sqdwf.pdf,897984,Learning to Discover Regulatory Elements for Gene Expression Prediction,2025,,
DpLFmc09pC,ok,s2_openaccess,/work/mech-ai-scratch/tirtho/RecusrsiveQFormer/lit_pipeline/pdfs/DpLFmc09pC.pdf,1064084,DEPfold: RNA Secondary Structure Prediction as Dependency Parsing.,2025,,
iAmR7FfMmq,ok,s2_openaccess,/work/mech-ai-scratch/tirtho/RecusrsiveQFormer/lit_pipeline/pdfs/iAmR7FfMmq.pdf,3147396,Improving Graph Neural Networks by Learning Continuous Edge Directions,2025,,
DTatjJTDl1,ok,s2_openaccess,/work/mech-ai-scratch/tirtho/RecusrsiveQFormer/lit_pipeline/pdfs/DTatjJTDl1.pdf,8309218,Trivialized Momentum Facilitates Diffusion Generative Modeling on Lie Groups,2025,,
hjROBHstZ3,ok,s2_openaccess,/work/mech-ai-scratch/tirtho/RecusrsiveQFormer/lit_pipeline/pdfs/hjROBHstZ3.pdf,4241066,Causal Representation Learning from Multimodal Biomedical Observations,2025,,
dsHpulHpOK,ok,s2_openaccess,/work/mech-ai-scratch/tirtho/RecusrsiveQFormer/lit_pipeline/pdfs/dsHpulHpOK.pdf,1757521,Reinforcement Learning for Control of Non-Markovian Cellular Population Dynamics,2025,,
FEZOLWexPb,ok,s2_openaccess,/work/mech-ai-scratch/tirtho/RecusrsiveQFormer/lit_pipeline/pdfs/FEZOLWexPb.pdf,2143646,MAESTRO: Masked Encoding Set Transformer with Self-Distillation,2025,,
FBhKUXK7od,ok,s2_openaccess,/work/mech-ai-scratch/tirtho/RecusrsiveQFormer/lit_pipeline/pdfs/FBhKUXK7od.pdf,604650,Fast unsupervised ground metric learning with tree-Wasserstein distance,2025,,
3Fgylj4uqL,ok,s2_openaccess,/work/mech-ai-scratch/tirtho/RecusrsiveQFormer/lit_pipeline/pdfs/3Fgylj4uqL.pdf,9943943,Interpretable Causal Representation Learning for Biological Data in the Pathway Space,2025,,
jlzNb1iWs3,ok,s2_openaccess,/work/mech-ai-scratch/tirtho/RecusrsiveQFormer/lit_pipeline/pdfs/jlzNb1iWs3.pdf,39392448,The OMG dataset: An Open MetaGenomic corpus for mixed-modality genomic language modeling,2025,,
E1m5yGMOiV,ok,openreview,/work/mech-ai-scratch/tirtho/RecusrsiveQFormer/lit_pipeline/pdfs/E1m5yGMOiV.pdf,14722253,KinPFN: Bayesian Approximation of RNA Folding Kinetics using Prior-Data Fitted Networks,2025,,
QaTBHSqmH9,ok,s2_openaccess,/work/mech-ai-scratch/tirtho/RecusrsiveQFormer/lit_pipeline/pdfs/QaTBHSqmH9.pdf,4694322,Size-Generalizable RNA Structure Evaluation by Exploring Hierarchical Geometries,2025,,
C45YqeBDUM,ok,s2_openaccess,/work/mech-ai-scratch/tirtho/RecusrsiveQFormer/lit_pipeline/pdfs/C45YqeBDUM.pdf,1617672,The KoLMogorov Test: Compression by Code Generation,2025,,
IjbXZdugdj,ok,s2_openaccess,/work/mech-ai-scratch/tirtho/RecusrsiveQFormer/lit_pipeline/pdfs/IjbXZdugdj.pdf,11118415,"Bio-xLSTM: Generative modeling, representation and in-context learning of biological and chemical sequences",2025,,
HAwZGLcye3,ok,s2_openaccess,/work/mech-ai-scratch/tirtho/RecusrsiveQFormer/lit_pipeline/pdfs/HAwZGLcye3.pdf,3691713,BioDiscoveryAgent: An AI Agent for Designing Genetic Perturbation Experiments,2025,,
lvw3UgeVxS,ok,s2_openaccess,/work/mech-ai-scratch/tirtho/RecusrsiveQFormer/lit_pipeline/pdfs/lvw3UgeVxS.pdf,2854362,gRNAde: Geometric Deep Learning for 3D RNA inverse design,2025,,
PSiijdQjNU,ok,s2_openaccess,/work/mech-ai-scratch/tirtho/RecusrsiveQFormer/lit_pipeline/pdfs/PSiijdQjNU.pdf,11980886,Steering Protein Family Design through Profile Bayesian Flow,2025,,
nYjAzwor9R,ok,s2_openaccess,/work/mech-ai-scratch/tirtho/RecusrsiveQFormer/lit_pipeline/pdfs/nYjAzwor9R.pdf,2351310,Tree-Wasserstein Distance for High Dimensional Data with a Latent Feature Hierarchy,2025,,
ja4rpheN2n,ok,s2_openaccess,/work/mech-ai-scratch/tirtho/RecusrsiveQFormer/lit_pipeline/pdfs/ja4rpheN2n.pdf,3378322,GeSubNet: Gene Interaction Inference for Disease Subtype Network Generation,2025,,
FXw0okNcOb,ok,s2_openaccess,/work/mech-ai-scratch/tirtho/RecusrsiveQFormer/lit_pipeline/pdfs/FXw0okNcOb.pdf,2746288,Discrete Copula Diffusion,2025,,
21rSeWJHPF,ok,s2_openaccess,/work/mech-ai-scratch/tirtho/RecusrsiveQFormer/lit_pipeline/pdfs/21rSeWJHPF.pdf,5444384,Balanced Ranking with Relative Centrality: A multi-core periphery perspective,2025,,
uQnvYP7yX9,ok,s2_openaccess,/work/mech-ai-scratch/tirtho/RecusrsiveQFormer/lit_pipeline/pdfs/uQnvYP7yX9.pdf,2168551,ReNovo: Retrieval-Based \emph{De Novo} Mass Spectrometry Peptide Sequencing,2025,,
G328D1xt4W,ok,s2_openaccess,/work/mech-ai-scratch/tirtho/RecusrsiveQFormer/lit_pipeline/pdfs/G328D1xt4W.pdf,4988611,Fine-Tuning Discrete Diffusion Models via Reward Optimization with Applications to DNA and Protein Design,2025,,
bcTjW5kS4W,ok,s2_openaccess,/work/mech-ai-scratch/tirtho/RecusrsiveQFormer/lit_pipeline/pdfs/bcTjW5kS4W.pdf,9423632,NetFormer: An interpretable model for recovering dynamical connectivity in neuronal population dynamics,2025,,
HsHxSN23rM,ok,s2_openaccess,/work/mech-ai-scratch/tirtho/RecusrsiveQFormer/lit_pipeline/pdfs/HsHxSN23rM.pdf,2003830,STAR: Synthesis of Tailored Architectures,2025,,
UvPdpa4LuV,ok,s2_openaccess,/work/mech-ai-scratch/tirtho/RecusrsiveQFormer/lit_pipeline/pdfs/UvPdpa4LuV.pdf,2732647,Protein Language Model Fitness is a Matter of Preference,2025,,
XsgHl54yO7,ok,openreview,/work/mech-ai-scratch/tirtho/RecusrsiveQFormer/lit_pipeline/pdfs/XsgHl54yO7.pdf,8272999,Unlocking Guidance for Discrete State-Space Diffusion and Flow Models,2025,,
3MnMGLctKb,ok,s2_openaccess,/work/mech-ai-scratch/tirtho/RecusrsiveQFormer/lit_pipeline/pdfs/3MnMGLctKb.pdf,28043668,Multi-Modal and Multi-Attribute Generation of Single Cells with CFGen,2025,,
9SYczU3Qgm,ok,s2_openaccess,/work/mech-ai-scratch/tirtho/RecusrsiveQFormer/lit_pipeline/pdfs/9SYczU3Qgm.pdf,5399103,Meta Flow Matching: Integrating Vector Fields on the Wasserstein Manifold,2025,,
BbZy8nI1si,ok,s2_openaccess,/work/mech-ai-scratch/tirtho/RecusrsiveQFormer/lit_pipeline/pdfs/BbZy8nI1si.pdf,936522,Learning Molecular Representation in a Cell,2025,,
noUF58SMra,ok,s2_openaccess,/work/mech-ai-scratch/tirtho/RecusrsiveQFormer/lit_pipeline/pdfs/noUF58SMra.pdf,3508326,MeToken: Uniform Micro-environment Token Boosts Post-Translational Modification Prediction,2025,,
1iuaxjssVp,ok,s2_openaccess,/work/mech-ai-scratch/tirtho/RecusrsiveQFormer/lit_pipeline/pdfs/1iuaxjssVp.pdf,11207567,Fast Uncovering of Protein Sequence Diversity from Structure,2025,,
5WEpbilssv,ok,s2_openaccess,/work/mech-ai-scratch/tirtho/RecusrsiveQFormer/lit_pipeline/pdfs/5WEpbilssv.pdf,807215,Contextualizing biological perturbation experiments through language,2025,,
MMHqnUOnl0,ok,s2_openaccess,/work/mech-ai-scratch/tirtho/RecusrsiveQFormer/lit_pipeline/pdfs/MMHqnUOnl0.pdf,3139192,HELM: Hierarchical Encoding for mRNA Language Modeling,2025,,
gQlxd3Mtru,ok,s2_openaccess,/work/mech-ai-scratch/tirtho/RecusrsiveQFormer/lit_pipeline/pdfs/gQlxd3Mtru.pdf,15775395,Learning stochastic dynamics from snapshots through regularized unbalanced optimal transport,2025,,
aX7X9z3vQS,ok,s2_openaccess,/work/mech-ai-scratch/tirtho/RecusrsiveQFormer/lit_pipeline/pdfs/aX7X9z3vQS.pdf,33769499,Recovering Manifold Structure Using Ollivier Ricci Curvature,2025,,
TUKt7ag0qq,ok,s2_openaccess,/work/mech-ai-scratch/tirtho/RecusrsiveQFormer/lit_pipeline/pdfs/TUKt7ag0qq.pdf,14230426,Metalic: Meta-Learning In-Context with Protein Language Models,2025,,
Tqdsruwyac,ok,s2_openaccess,/work/mech-ai-scratch/tirtho/RecusrsiveQFormer/lit_pipeline/pdfs/Tqdsruwyac.pdf,5972261,Estimation of single-cell and tissue perturbation effect in spatial transcriptomics via Spatial Causal Disentanglement,2025,,
hWmwL9gizZ,ok,s2_openaccess,/work/mech-ai-scratch/tirtho/RecusrsiveQFormer/lit_pipeline/pdfs/hWmwL9gizZ.pdf,4980480,Immunogenicity Prediction with Dual Attention Enables Vaccine Target Selection,2025,,
B07dLVWLyD,ok,s2_openaccess,/work/mech-ai-scratch/tirtho/RecusrsiveQFormer/lit_pipeline/pdfs/B07dLVWLyD.pdf,3083796,Revisiting Convolution Architecture in the Realm of DNA Foundation Models,2025,,
xByvdb3DCm,ok,s2_openaccess,/work/mech-ai-scratch/tirtho/RecusrsiveQFormer/lit_pipeline/pdfs/xByvdb3DCm.pdf,3469910,When Selection Meets Intervention: Additional Complexities in Causal Discovery,2025,,
F4IMiNhim1,ok,s2_openaccess,/work/mech-ai-scratch/tirtho/RecusrsiveQFormer/lit_pipeline/pdfs/F4IMiNhim1.pdf,1493692,Regulatory DNA Sequence Design with Reinforcement Learning,2025,,
9htTvHkUhh,ok,s2_openaccess,/work/mech-ai-scratch/tirtho/RecusrsiveQFormer/lit_pipeline/pdfs/9htTvHkUhh.pdf,9270101,Beyond Sequence: Impact of Geometric Context for RNA Property Prediction,2025,,
jE5ZbtMtcU,ok,s2_openaccess,/work/mech-ai-scratch/tirtho/RecusrsiveQFormer/lit_pipeline/pdfs/jE5ZbtMtcU.pdf,6278682,BLEND: Behavior-guided Neural Population Dynamics Modeling via Privileged Knowledge Distillation,2025,,
vFanHFE4Qv,ok,s2_openaccess,/work/mech-ai-scratch/tirtho/RecusrsiveQFormer/lit_pipeline/pdfs/vFanHFE4Qv.pdf,4227258,Neuron Platonic Intrinsic Representation From Dynamics Using Contrastive Learning,2025,,
KXrgDM3mVD,ok,s2_openaccess,/work/mech-ai-scratch/tirtho/RecusrsiveQFormer/lit_pipeline/pdfs/KXrgDM3mVD.pdf,3904607,Distilling Structural Representations into Protein Sequence Models,2025,,
Y7xCdFuFw7,ok,s2_openaccess,/work/mech-ai-scratch/tirtho/RecusrsiveQFormer/lit_pipeline/pdfs/Y7xCdFuFw7.pdf,603667,HeurekaBench: A Benchmarking Framework for AI Co-scientist,2026,,
lK82jpa8jr,ok,openreview,/work/mech-ai-scratch/tirtho/RecusrsiveQFormer/lit_pipeline/pdfs/lK82jpa8jr.pdf,10612565,HEIST: A Graph Foundation Model for Spatial Transcriptomics and Proteomics Data,2026,,
cpc63YrVWN,ok,s2_openaccess,/work/mech-ai-scratch/tirtho/RecusrsiveQFormer/lit_pipeline/pdfs/cpc63YrVWN.pdf,7892537,A Joint Diffusion Model with Pre-Trained Priors for RNA Sequence-Structure Co-Design,2026,,
4nOZBufbLC,ok,s2_openaccess,/work/mech-ai-scratch/tirtho/RecusrsiveQFormer/lit_pipeline/pdfs/4nOZBufbLC.pdf,6669468,Count Bridges enable Modeling and Deconvolving Transcriptomic Data,2026,,
1taAXRcm21,ok,s2_openaccess,/work/mech-ai-scratch/tirtho/RecusrsiveQFormer/lit_pipeline/pdfs/1taAXRcm21.pdf,1151412,"A Unification of Discrete, Gaussian, and Simplicial Diffusion",2026,,
NFffW9tBmC,ok,s2_openaccess,/work/mech-ai-scratch/tirtho/RecusrsiveQFormer/lit_pipeline/pdfs/NFffW9tBmC.pdf,13548149,Iterative Distillation for Reward-Guided Fine-Tuning of Diffusion Models in Biomolecular Design,2026,,
5ubZyHPhnK,ok,s2_openaccess,/work/mech-ai-scratch/tirtho/RecusrsiveQFormer/lit_pipeline/pdfs/5ubZyHPhnK.pdf,346956,An evolutionary perspective on modes of learning in Transformers,2026,,
hhq89Hs7T3,ok,s2_openaccess,/work/mech-ai-scratch/tirtho/RecusrsiveQFormer/lit_pipeline/pdfs/hhq89Hs7T3.pdf,12659218,VCWorld: A Biological World Model for Virtual Cell Simulation,2026,,
quxeCxJwKm,ok,s2_openaccess,/work/mech-ai-scratch/tirtho/RecusrsiveQFormer/lit_pipeline/pdfs/quxeCxJwKm.pdf,2096793,A Diffusion Model to Shrink Proteins While Maintaining Their Function,2026,,
mtdyZsa47V,ok,s2_openaccess,/work/mech-ai-scratch/tirtho/RecusrsiveQFormer/lit_pipeline/pdfs/mtdyZsa47V.pdf,2827249,Ultra-Fast Language Generation via Discrete Diffusion Divergence Instruct,2026,,
5RcoUe1tA1,ok,s2_openaccess,/work/mech-ai-scratch/tirtho/RecusrsiveQFormer/lit_pipeline/pdfs/5RcoUe1tA1.pdf,1890802,SC-Arena: A Natural Language Benchmark for Single-Cell Reasoning with Knowledge-Augmented Evaluation,2026,,
4ptHfbHG3D,ok,s2_openaccess,/work/mech-ai-scratch/tirtho/RecusrsiveQFormer/lit_pipeline/pdfs/4ptHfbHG3D.pdf,12929193,Multi-state Protein Sequence Design with DynamicMPNN,2026,,
jrFJWpDZvq,ok,s2_openaccess,/work/mech-ai-scratch/tirtho/RecusrsiveQFormer/lit_pipeline/pdfs/jrFJWpDZvq.pdf,1195472,DeepSADR: Deep Transfer Learning with Subsequence Interaction and Adaptive Readout for Cancer Drug Response Prediction,2026,,
8wQ7Oc08vo,ok,s2_openaccess,/work/mech-ai-scratch/tirtho/RecusrsiveQFormer/lit_pipeline/pdfs/8wQ7Oc08vo.pdf,3917242,A New Paradigm for Genome-wide DNA Methylation Prediction Without Methylation Input,2026,,
qsthLLlCtl,ok,s2_openaccess,/work/mech-ai-scratch/tirtho/RecusrsiveQFormer/lit_pipeline/pdfs/qsthLLlCtl.pdf,1388815,PRISM: Enhancing PRotein Inverse Folding through Fine- Grained Retrieval on Structure-Sequence Multimodal Representations,2026,,
I43IOiimO6,ok,s2_openaccess,/work/mech-ai-scratch/tirtho/RecusrsiveQFormer/lit_pipeline/pdfs/I43IOiimO6.pdf,49302055,CARL: Preserving Causal Structure in Representation Learning,2026,,
zxlbh55PhC,ok,s2_openaccess,/work/mech-ai-scratch/tirtho/RecusrsiveQFormer/lit_pipeline/pdfs/zxlbh55PhC.pdf,5472623,Clustering by Denoising: Latent plug-and-play diffusion for single-cell embeddings,2026,,
oa7L4vcJ77,ok,s2_openaccess,/work/mech-ai-scratch/tirtho/RecusrsiveQFormer/lit_pipeline/pdfs/oa7L4vcJ77.pdf,11877003,Fast Estimation of Wasserstein Distances via Regression on Sliced Wasserstein Distances,2026,,
qOyF214xmg,ok,s2_openaccess,/work/mech-ai-scratch/tirtho/RecusrsiveQFormer/lit_pipeline/pdfs/qOyF214xmg.pdf,3371375,Transducing Language Models,2026,,
UoYdZQIZWj,ok,s2_openaccess,/work/mech-ai-scratch/tirtho/RecusrsiveQFormer/lit_pipeline/pdfs/UoYdZQIZWj.pdf,355613,KGOT: Unified Knowledge Graph and Optimal Transport Pseudo-Labeling for Molecule-Protein Interaction Prediction,2026,,
h9b5h69v3p,ok,s2_openaccess,/work/mech-ai-scratch/tirtho/RecusrsiveQFormer/lit_pipeline/pdfs/h9b5h69v3p.pdf,617621,Discrete Diffusion Trajectory Alignment via Stepwise Decomposition,2026,,
AFZeojzjoG,ok,s2_openaccess,/work/mech-ai-scratch/tirtho/RecusrsiveQFormer/lit_pipeline/pdfs/AFZeojzjoG.pdf,1023141,PatchDNA: A Flexible and Biologically-Informed Alternative to Tokenization for DNA,2026,,
l7QEoK4uDP,ok,s2_openaccess,/work/mech-ai-scratch/tirtho/RecusrsiveQFormer/lit_pipeline/pdfs/l7QEoK4uDP.pdf,33641427,SAVE: A Generalizable Framework for Multi-Condition Single-Cell Generation with Gene Block Attention,2026,,
lDyS4Qg5Ww,ok,s2_openaccess,/work/mech-ai-scratch/tirtho/RecusrsiveQFormer/lit_pipeline/pdfs/lDyS4Qg5Ww.pdf,4391647,RIDER: 3D RNA Inverse Design with Reinforcement Learning-Guided Diffusion,2026,,
vaflHrZhlY,ok,s2_openaccess,/work/mech-ai-scratch/tirtho/RecusrsiveQFormer/lit_pipeline/pdfs/vaflHrZhlY.pdf,7157856,AutoDV: An End-to-End Deep Learning Model for High-Dimensional Data Visualization,2026,,
Hk4Fb6kaYF,ok,s2_openaccess,/work/mech-ai-scratch/tirtho/RecusrsiveQFormer/lit_pipeline/pdfs/Hk4Fb6kaYF.pdf,5189503,CDBridge: A Cross-omics Post-training Bridge Strategy for Context-aware Biological Modeling,2026,,
OwLl8Xi6JG,ok,s2_openaccess,/work/mech-ai-scratch/tirtho/RecusrsiveQFormer/lit_pipeline/pdfs/OwLl8Xi6JG.pdf,9942654,A Resolution-Agnostic Geometric Transformer for Chromosome Modeling Using Inertial Frame,2026,,
1YHF7B8Yjk,ok,s2_openaccess,/work/mech-ai-scratch/tirtho/RecusrsiveQFormer/lit_pipeline/pdfs/1YHF7B8Yjk.pdf,13231716,Generalised Flow Maps for Few-Step Generative Modelling on Riemannian Manifolds,2026,,
qclNnbjxNJ,ok,s2_openaccess,/work/mech-ai-scratch/tirtho/RecusrsiveQFormer/lit_pipeline/pdfs/qclNnbjxNJ.pdf,3780851,Characterization and Learning of Causal Graphs with Latent Confounders and Post-treatment Selection from Interventional Data,2026,,
NjgaeXNit3,ok,s2_openaccess,/work/mech-ai-scratch/tirtho/RecusrsiveQFormer/lit_pipeline/pdfs/NjgaeXNit3.pdf,14056242,Divide and Abstract: Autoformalization via Decomposition and Abstraction Learning,2026,,
lAlI5FuIf7,ok,s2_openaccess,/work/mech-ai-scratch/tirtho/RecusrsiveQFormer/lit_pipeline/pdfs/lAlI5FuIf7.pdf,8694287,Planner Aware Path Learning in Diffusion Language Models Training,2026,,
ogMTEtHO6M,ok,s2_openaccess,/work/mech-ai-scratch/tirtho/RecusrsiveQFormer/lit_pipeline/pdfs/ogMTEtHO6M.pdf,727510,Self-Speculative Masked Diffusions,2026,,
I4meJN28Ol,ok,s2_openaccess,/work/mech-ai-scratch/tirtho/RecusrsiveQFormer/lit_pipeline/pdfs/I4meJN28Ol.pdf,6022624,CellDuality: Unlocking Biological Reasoning in LLMs with Self-Supervised RLVR,2026,,
AJls43yje7,ok,s2_openaccess,/work/mech-ai-scratch/tirtho/RecusrsiveQFormer/lit_pipeline/pdfs/AJls43yje7.pdf,15601600,Multi-Marginal Flow Matching with Adversarially Learnt Interpolants,2026,,
CF3kJrAwmV,ok,openreview,/work/mech-ai-scratch/tirtho/RecusrsiveQFormer/lit_pipeline/pdfs/CF3kJrAwmV.pdf,1310211,BioBO: Biology-informed Bayesian Optimization for Perturbation Design,2026,,
UIxHaAqFqQ,ok,s2_openaccess,/work/mech-ai-scratch/tirtho/RecusrsiveQFormer/lit_pipeline/pdfs/UIxHaAqFqQ.pdf,7847603,LLM DNA: Tracing Model Evolution via Functional Representations,2026,,
DzSNH5APPl,ok,s2_openaccess,/work/mech-ai-scratch/tirtho/RecusrsiveQFormer/lit_pipeline/pdfs/DzSNH5APPl.pdf,8481761,Learning Explicit Single-Cell Dynamics Using ODE Representations,2026,,
BsA2GNkJhz,ok,s2_openaccess,/work/mech-ai-scratch/tirtho/RecusrsiveQFormer/lit_pipeline/pdfs/BsA2GNkJhz.pdf,33732389,CellAgent: LLM-Driven Multi-Agent Framework  for Natural Language-Based Single-Cell Analysis,2026,,
4UY1NHG5Ge,ok,s2_openaccess,/work/mech-ai-scratch/tirtho/RecusrsiveQFormer/lit_pipeline/pdfs/4UY1NHG5Ge.pdf,1103509,Tokenization to Transfer: Do Genomic Foundation Models Learn Good Representations?,2026,,
Y0zPlHDO5p,ok,s2_openaccess,/work/mech-ai-scratch/tirtho/RecusrsiveQFormer/lit_pipeline/pdfs/Y0zPlHDO5p.pdf,2669914,AntigenLM: Structure-Aware DNA Language Modeling for Influenza,2026,,
C5OIolrNJd,ok,s2_openaccess,/work/mech-ai-scratch/tirtho/RecusrsiveQFormer/lit_pipeline/pdfs/C5OIolrNJd.pdf,3155039,GeneBreaker: Jailbreak Attacks against DNA Language Models with Pathogenicity Guidance,2026,,
m826DekCpp,ok,s2_openaccess,/work/mech-ai-scratch/tirtho/RecusrsiveQFormer/lit_pipeline/pdfs/m826DekCpp.pdf,612277,Property-Driven Protein Inverse Folding with Multi-Objective Preference Alignment,2026,,
m18MXVdrV9,ok,s2_openaccess,/work/mech-ai-scratch/tirtho/RecusrsiveQFormer/lit_pipeline/pdfs/m18MXVdrV9.pdf,1248796,Information Estimation with Discrete Diffusion,2026,,
rvpDHfoTd2,ok,s2_openaccess,/work/mech-ai-scratch/tirtho/RecusrsiveQFormer/lit_pipeline/pdfs/rvpDHfoTd2.pdf,1192845,Doloris: Dual Conditional Diffusion Implicit Bridges with Sparsity Masking Strategy for Unpaired Single-Cell Perturbation Estimation,2026,,
1nqu7bK1mm,ok,s2_openaccess,/work/mech-ai-scratch/tirtho/RecusrsiveQFormer/lit_pipeline/pdfs/1nqu7bK1mm.pdf,6512020,WFR-FM: Simulation-Free Dynamic Unbalanced Optimal Transport,2026,,
QSGanMEcUV,ok,s2_openaccess,/work/mech-ai-scratch/tirtho/RecusrsiveQFormer/lit_pipeline/pdfs/QSGanMEcUV.pdf,1749928,scDFM: Distributional Flow Matching Model for Robust Single-Cell Perturbation Prediction,2026,,
wwPSfcf5Pj,ok,s2_openaccess,/work/mech-ai-scratch/tirtho/RecusrsiveQFormer/lit_pipeline/pdfs/wwPSfcf5Pj.pdf,1017390,Extending Sequence Length is Not All You Need: Effective Integration of Multimodal Signals for Gene Expression Prediction,2026,,
m38vyzeoO0,ok,s2_openaccess,/work/mech-ai-scratch/tirtho/RecusrsiveQFormer/lit_pipeline/pdfs/m38vyzeoO0.pdf,974969,Inheriting Generalizable Knowledge from LLMs to Diverse Vertical Tasks,2026,,
G9UhQEZHjY,ok,s2_openaccess,/work/mech-ai-scratch/tirtho/RecusrsiveQFormer/lit_pipeline/pdfs/G9UhQEZHjY.pdf,1436392,NC-Bench and NCfold: A Benchmark and Closed-Loop Framework for RNA Non-Canonical Base-Pair Prediction,2026,,
NNnkLi1ALt,ok,s2_openaccess,/work/mech-ai-scratch/tirtho/RecusrsiveQFormer/lit_pipeline/pdfs/NNnkLi1ALt.pdf,1076137,Intrinsic Lorentz Neural Network,2026,,
EWt5wsEdvc,ok,s2_openaccess,/work/mech-ai-scratch/tirtho/RecusrsiveQFormer/lit_pipeline/pdfs/EWt5wsEdvc.pdf,4983816,Cell2Sentence: Teaching Large Language Models the Language of Biology,2024,,
dWxb80a0TW,ok,s2_openaccess,/work/mech-ai-scratch/tirtho/RecusrsiveQFormer/lit_pipeline/pdfs/dWxb80a0TW.pdf,4792759,Generalist Equivariant Transformer Towards 3D Molecular Interaction Learning,2024,,
mk3A5IUdn8,ok,s2_openaccess,/work/mech-ai-scratch/tirtho/RecusrsiveQFormer/lit_pipeline/pdfs/mk3A5IUdn8.pdf,765451,Caduceus: Bi-Directional Equivariant Long-Range DNA Sequence Modeling,2024,,
2dlmcTXfcY,ok,s2_openaccess,/work/mech-ai-scratch/tirtho/RecusrsiveQFormer/lit_pipeline/pdfs/2dlmcTXfcY.pdf,747176,Kernel-Based Evaluation of Conditional Biological Sequence Models,2024,,
ATvN9JnqZ8,ok,s2_openaccess,/work/mech-ai-scratch/tirtho/RecusrsiveQFormer/lit_pipeline/pdfs/ATvN9JnqZ8.pdf,3443185,Generative Enzyme Design Guided by Functionally Important Sites and Small-Molecule Substrates,2024,,
MikandLqtW,ok,s2_openaccess,/work/mech-ai-scratch/tirtho/RecusrsiveQFormer/lit_pipeline/pdfs/MikandLqtW.pdf,783619,Knowledge-aware Reinforced Language Models for Protein Directed Evolution,2024,,
qE4nkfyMYl,ok,s2_openaccess,/work/mech-ai-scratch/tirtho/RecusrsiveQFormer/lit_pipeline/pdfs/qE4nkfyMYl.pdf,7995771,Estimating Unknown Population Sizes Using the Hypergeometric Distribution,2024,,
y5L8W0KRUX,ok,s2_openaccess,/work/mech-ai-scratch/tirtho/RecusrsiveQFormer/lit_pipeline/pdfs/y5L8W0KRUX.pdf,3227222,Evolution-Inspired Loss Functions for Protein Representation Learning,2024,,
jxvqvZLBuU,ok,s2_openaccess,/work/mech-ai-scratch/tirtho/RecusrsiveQFormer/lit_pipeline/pdfs/jxvqvZLBuU.pdf,4080970,RNAFlow: RNA Structure & Sequence Design via Inverse Folding-Based Flow Matching,2024,,
vBJZ93tvoE,ok,s2_openaccess,/work/mech-ai-scratch/tirtho/RecusrsiveQFormer/lit_pipeline/pdfs/vBJZ93tvoE.pdf,2565168,Modelling Microbial Communities with Graph Neural Networks,2024,,
5M4Qa9AqY7,ok,s2_openaccess,/work/mech-ai-scratch/tirtho/RecusrsiveQFormer/lit_pipeline/pdfs/5M4Qa9AqY7.pdf,1543494,Scalable and Flexible Causal Discovery with an Efficient Test for Adjacency,2024,,
afnyJfQddk,ok,s2_openaccess,/work/mech-ai-scratch/tirtho/RecusrsiveQFormer/lit_pipeline/pdfs/afnyJfQddk.pdf,1905993,Gaussian Processes on Cellular Complexes,2024,,
OERwuPzHdh,ok,s2_openaccess,/work/mech-ai-scratch/tirtho/RecusrsiveQFormer/lit_pipeline/pdfs/OERwuPzHdh.pdf,1899514,DNA-SE: Towards Deep Neural-Nets Assisted Semiparametric Estimation,2024,,
XGGcnKelda,ok,s2_openaccess,/work/mech-ai-scratch/tirtho/RecusrsiveQFormer/lit_pipeline/pdfs/XGGcnKelda.pdf,927560,Enforcing Constraints in RNA Secondary Structure Predictions: A Post-Processing Framework Based on the Assignment Problem,2024,,
EfUrTeuUfy,ok,s2_openaccess,/work/mech-ai-scratch/tirtho/RecusrsiveQFormer/lit_pipeline/pdfs/EfUrTeuUfy.pdf,656719,"Junk DNA Hypothesis: Pruning Small Pre-Trained Weights $\textit{Irreversibly}$ and $\textit{Monotonically}$ Impairs ``Difficult"" Downstream Tasks in LLMs",2024,,
NUAbSFqyqb,ok,s2_openaccess,/work/mech-ai-scratch/tirtho/RecusrsiveQFormer/lit_pipeline/pdfs/NUAbSFqyqb.pdf,3547695,Diffusion Language Models Are Versatile Protein Learners,2024,,
283cGgWfM2,ok,s2_openaccess,/work/mech-ai-scratch/tirtho/RecusrsiveQFormer/lit_pipeline/pdfs/283cGgWfM2.pdf,755935,ESM All-Atom: Multi-Scale Protein Language Model for Unified Molecular Modeling,2024,,
wwItuHdus6,ok,s2_openaccess,/work/mech-ai-scratch/tirtho/RecusrsiveQFormer/lit_pipeline/pdfs/wwItuHdus6.pdf,4291792,A Computational Framework for Solving Wasserstein Lagrangian Flows,2024,,
MDAg5Q7IsI,ok,s2_openaccess,/work/mech-ai-scratch/tirtho/RecusrsiveQFormer/lit_pipeline/pdfs/MDAg5Q7IsI.pdf,859259,Predicting Dose-Response Curves with Deep Neural Networks,2024,,
Su0qe33cWA,ok,s2_openaccess,/work/mech-ai-scratch/tirtho/RecusrsiveQFormer/lit_pipeline/pdfs/Su0qe33cWA.pdf,4397934,Wasserstein Wormhole: Scalable Optimal Transport Distance with Transformer,2024,,
A9hJvQHEEP,ok,s2_openaccess,/work/mech-ai-scratch/tirtho/RecusrsiveQFormer/lit_pipeline/pdfs/A9hJvQHEEP.pdf,7593760,Quantum Theory and Application of Contextual Optimal Transport,2024,,
Ada9Z68nvb,ok,s2_openaccess,/work/mech-ai-scratch/tirtho/RecusrsiveQFormer/lit_pipeline/pdfs/Ada9Z68nvb.pdf,1985975,Deciphering RNA Secondary Structure Prediction: A Probabilistic K-Rook Matching Perspective,2024,,
syXFAVqx85,ok,s2_openaccess,/work/mech-ai-scratch/tirtho/RecusrsiveQFormer/lit_pipeline/pdfs/syXFAVqx85.pdf,1011081,Dirichlet Flow Matching with Applications to DNA Sequence Design,2024,,
BOunbuapcv,ok,s2_openaccess,/work/mech-ai-scratch/tirtho/RecusrsiveQFormer/lit_pipeline/pdfs/BOunbuapcv.pdf,834799,VQDNA: Unleashing the Power of Vector Quantization for Multi-Species Genomic Sequence Modeling,2024,,
GZ7gwOZ6Or,ok,s2_openaccess,/work/mech-ai-scratch/tirtho/RecusrsiveQFormer/lit_pipeline/pdfs/GZ7gwOZ6Or.pdf,677746,Protriever: End-to-End Differentiable Protein Homology Search for Fitness Prediction,2025,,
s1WJSRaJuy,ok,s2_openaccess,/work/mech-ai-scratch/tirtho/RecusrsiveQFormer/lit_pipeline/pdfs/s1WJSRaJuy.pdf,4794952,Variational Phylogenetic Inference with Products over Bipartitions,2025,,
WBN0Mz3VAC,ok,s2_openaccess,/work/mech-ai-scratch/tirtho/RecusrsiveQFormer/lit_pipeline/pdfs/WBN0Mz3VAC.pdf,9750045,KinDEL: DNA-Encoded Library Dataset for Kinase Inhibitors,2025,,
zdOGBRQEbz,ok,s2_openaccess,/work/mech-ai-scratch/tirtho/RecusrsiveQFormer/lit_pipeline/pdfs/zdOGBRQEbz.pdf,5745188,"From Mechanistic Interpretability to Mechanistic Biology: Training, Evaluating, and Interpreting Sparse Autoencoders on Protein Language Models",2025,,
MRmI68k3gd,ok,s2_openaccess,/work/mech-ai-scratch/tirtho/RecusrsiveQFormer/lit_pipeline/pdfs/MRmI68k3gd.pdf,6756395,Wasserstein Flow Matching: Generative Modeling Over Families of Distributions,2025,,
0m4VsLwj5s,ok,s2_openaccess,/work/mech-ai-scratch/tirtho/RecusrsiveQFormer/lit_pipeline/pdfs/0m4VsLwj5s.pdf,8258294,sciLaMA: A Single-Cell Representation Learning Framework to Leverage Prior Knowledge from Large Language Models,2025,,
