slug,venue,title,github_repo,all_github_repos,repo_status
0m4VsLwj5s,ICML 2025 poster,sciLaMA: A Single-Cell Representation Learning Framework to Leverage Prior Knowledge from Large Language Models,https://github.com/microsoft/sciLaMA,https://github.com/microsoft/sciLaMA,live
10.1609_aaai.v38i1.27753,Proceedings of the AAAI Conference on Artificial Intelligence,Neural Embeddings for kNN Search in Biological Sequence,https://github.com/Proudc/Bio-KNN,https://github.com/Proudc/Bio-KNN,live
10.1609_aaai.v38i1.27770,Proceedings of the AAAI Conference on Artificial Intelligence,Improving PTM Site Prediction by Coupling of Multi-Granularity Structure and Multi-Scale Sequence Representation,,,
10.1609_aaai.v38i1.27784,Proceedings of the AAAI Conference on Artificial Intelligence,PSC-CPI: Multi-Scale Protein Sequence-Structure Contrasting for Efficient and Generalizable Compound-Protein Interaction Prediction,https://github.com/LirongWu/PSC-CPI,https://github.com/LirongWu/PSC-CPI,live
10.1609_aaai.v38i1.27789,Proceedings of the AAAI Conference on Artificial Intelligence,Unsupervised Gene-Cell Collective Representation Learning with Optimal Transport,,,
10.1609_aaai.v38i1.27792,Proceedings of the AAAI Conference on Artificial Intelligence,Designing Biological Sequences without Prior Knowledge Using Evolutionary Reinforcement Learning,https://github.com/reset001/ERLBioSeqappendix,https://github.com/reset001/ERLBioSeqappendix,live
10.1609_aaai.v38i10.28948,Proceedings of the AAAI Conference on Artificial Intelligence,Prot2Text: Multimodal Protein’s Function Generation with GNNs and Transformers,https://github.com/hadi-abdine/Prot2Text,https://github.com/hadi-abdine/Prot2Text,live
10.1609_aaai.v38i10.28988,Proceedings of the AAAI Conference on Artificial Intelligence,HyperFast: Instant Classification for Tabular Data,https://github.com/AI-sandbox/HyperFast,https://github.com/AI-sandbox/HyperFast,live
10.1609_aaai.v38i12.29248,Proceedings of the AAAI Conference on Artificial Intelligence,GxVAEs: Two Joint VAEs Generate Hit Molecules from Gene Expression Profiles,https://github.com/naruto7283/GxVAEs,https://github.com/naruto7283/GxVAEs,live
10.1609_aaai.v38i13.29386,Proceedings of the AAAI Conference on Artificial Intelligence,Tree Search-Based Evolutionary Bandits for Protein Sequence Optimization,,,
10.1609_aaai.v38i14.29453,Proceedings of the AAAI Conference on Artificial Intelligence,Comprehensive View Embedding Learning for Single-Cell Multimodal Integration,https://github.com/shapsider/scintegration,https://github.com/shapsider/scintegration,live
10.1609_aaai.v38i14.29509,Proceedings of the AAAI Conference on Artificial Intelligence,Levenshtein Distance Embedding with Poisson Regression for DNA Storage,,,
10.1609_aaai.v38i2.27874,Proceedings of the AAAI Conference on Artificial Intelligence,Multi-Prototype Space Learning for Commonsense-Based Scene Graph Generation,,,
10.1609_aaai.v38i21.30446,Proceedings of the AAAI Conference on Artificial Intelligence,Enhancing Transcription Factor Prediction through Multi-Task Learning (Student Abstract),,,
10.1609_aaai.v38i21.30533,Proceedings of the AAAI Conference on Artificial Intelligence,Leverage the Explainability of Transformer Models to Improve the DNA 5-Methylcytosine Identification (Student Abstract),,,
10.1609_aaai.v38i3.28044,Proceedings of the AAAI Conference on Artificial Intelligence,CrossBind: Collaborative Cross-Modal Identification of Protein Nucleic-Acid-Binding Residues,https://github.com/BEAM-Labs/CrossBind,https://github.com/BEAM-Labs/CrossBind,live
10.1609_aaai.v38i9.28924,Proceedings of the AAAI Conference on Artificial Intelligence,Knowledge Enhanced Representation Learning for Drug Discovery,https://github.com/IBM/otter-knowledge,https://github.com/IBM/otter-knowledge;https://github.com/KarypisLab/METIS,live
10.1609_aaai.v39i1.31989,Proceedings of the AAAI Conference on Artificial Intelligence,Improving Cancer Gene Prediction by Enhancing Common Information Between the PPI Network and Gene Functional Association,https://github.com/CharlesDeng0814/DISFusion,https://github.com/CharlesDeng0814/DISFusion,live
10.1609_aaai.v39i1.31998,Proceedings of the AAAI Conference on Artificial Intelligence,FoldToken: Learning Protein Language via Vector Quantization and Beyond,,,
10.1609_aaai.v39i1.32001,Proceedings of the AAAI Conference on Artificial Intelligence,CoPRA: Bridging Cross-domain Pretrained Sequence Models with Complex Structures for Protein-RNA Binding Affinity Prediction,https://github.com/hanrthu/CoPRA,https://github.com/hanrthu/CoPRA,live
10.1609_aaai.v39i1.32025,Proceedings of the AAAI Conference on Artificial Intelligence,Whole Genome Transformer for Gene Interaction Effects in Microbiome Habitat Specificity,https://github.com/zhufengli/prokaformer,https://github.com/zhufengli/prokaformer,live
10.1609_aaai.v39i1.32030,Proceedings of the AAAI Conference on Artificial Intelligence,Controllable Protein Sequence Generation with LLM Preference Optimization,https://github.com/nju-websoft/CtrlProt,https://github.com/nju-websoft/CtrlProt,live
10.1609_aaai.v39i1.32043,Proceedings of the AAAI Conference on Artificial Intelligence,GoBERT: Gene Ontology Graph Informed BERT for Universal Gene Function Prediction,,,
10.1609_aaai.v39i1.32049,Proceedings of the AAAI Conference on Artificial Intelligence,A Simple and Comprehensive Benchmark for Single-Cell Transcriptomics,https://github.com/simpleshinobu/scbenchmark,https://github.com/simpleshinobu/scbenchmark,live
10.1609_aaai.v39i1.32080,Proceedings of the AAAI Conference on Artificial Intelligence,PriFold: Biological Priors Improve RNA Secondary Structure Predictions,https://github.com/BEAM-Labs/PriFold,https://github.com/BEAM-Labs/PriFold,live
10.1609_aaai.v39i1.32086,Proceedings of the AAAI Conference on Artificial Intelligence,Accurate Nucleic Acid-Binding Residue Identification Based Domain-Adaptive Protein Language Model and Explainable Geometric Deep Learning,https://github.com/pengsl-lab/GeSite,https://github.com/pengsl-lab/GeSite,live
10.1609_aaai.v39i1.32087,Proceedings of the AAAI Conference on Artificial Intelligence,SWAMamba: A Sliding Window Attention Mamba Framework for Predicting Translation Elongation Rates,https://github.com/reset001/SWAMambaappendix,https://github.com/reset001/SWAMambaappendix,live
10.1609_aaai.v39i1.32092,Proceedings of the AAAI Conference on Artificial Intelligence,mRNA2vec: mRNA Embedding with Language Model in the 5'UTR-CDS for mRNA Design,https://github.com/honggen-zhang/mRNA2vec,https://github.com/honggen-zhang/mRNA2vec,live
10.1609_aaai.v39i1.32098,Proceedings of the AAAI Conference on Artificial Intelligence,Exploit Your Latents: Coarse-Grained Protein Backmapping with Latent Diffusion Models,,,
10.1609_aaai.v39i12.33371,Proceedings of the AAAI Conference on Artificial Intelligence,"Genomics Data Lossless Compression with (S, K)-Mer Encoding and Deep Neural Networks",https://github.com/byronknoll/cmix,https://github.com/byronknoll/cmix;https://github.com/byronknoll/lstm-compress,live
10.1609_aaai.v39i12.33436,Proceedings of the AAAI Conference on Artificial Intelligence,Rethinking Cancer Gene Identification Through Graph Anomaly Analysis,https://github.com/zyl199710/HIPGNN,https://github.com/zyl199710/HIPGNN,live
10.1609_aaai.v39i15.33695,Proceedings of the AAAI Conference on Artificial Intelligence,Cradle-VAE: Enhancing Single-Cell Gene Perturbation Modeling with Counterfactual Reasoning-based Artifact Disentanglement,https://github.com/dmis-lab/CRADLE-VAE,https://github.com/dmis-lab/CRADLE-VAE,live
10.1609_aaai.v39i15.33740,Proceedings of the AAAI Conference on Artificial Intelligence,SpotDiff: Spatial Gene Expression Imputation Diffusion with Single-Cell RNA Sequencing Data Integration,,,
10.1609_aaai.v39i17.34032,Proceedings of the AAAI Conference on Artificial Intelligence,Unravelling Causal Genetic Biomarkers of Alzheimer’s Disease via Neuron to Gene-token Backtracking in Neural Architecture: A Groundbreaking Reverse-Gene-Finder Approach,https://github.com/yanghangit/RGF,https://github.com/yanghangit/RGF;https://github.com/kmeng01/rome,live
10.1609_aaai.v39i18.34073,Proceedings of the AAAI Conference on Artificial Intelligence,Learning Cross-Domain Representations for Transferable Drug Perturbations on Single-Cell Transcriptional Responses,https://github.com/hliulab/XTransferCDR,https://github.com/hliulab/XTransferCDR,live
10.1609_aaai.v39i19.34194,Proceedings of the AAAI Conference on Artificial Intelligence,Denoising Diffusion Variational Inference: Diffusion Models as Expressive Variational Posteriors,,,
10.1609_aaai.v39i2.32170,Proceedings of the AAAI Conference on Artificial Intelligence,CA-MLIF: Cross-Attention and Multimodal Low-Rank Interaction Fusion Framework for Tumor Prognostic Prediction,,,
10.1609_aaai.v39i20.35436,Proceedings of the AAAI Conference on Artificial Intelligence,Dimension Reduction with Locally Adjusted Graphs,https://github.com/williamsyy/LocalMAP,https://github.com/williamsyy/LocalMAP,live
10.1609_aaai.v39i20.35456,Proceedings of the AAAI Conference on Artificial Intelligence,APAR: Modeling Irregular Target Functions in Tabular Regression via Arithmetic-Aware Pre-Training and Adaptive-Regularized Fine-Tuning,https://github.com/johnnyhwu/APAR,https://github.com/johnnyhwu/APAR,live
10.1609_aaai.v39i20.35500,Proceedings of the AAAI Conference on Artificial Intelligence,Bridging Sequence-Structure Alignment in RNA Foundation Models,https://github.com/yangheng95/OmniGenBench,https://github.com/yangheng95/OmniGenBench;https://github.com/ViennaRNA/ViennaRNA,live
10.1609_aaai.v39i21.34456,Proceedings of the AAAI Conference on Artificial Intelligence,ProtCLIP: Function-Informed Protein Multi-Modal Learning,,,
10.1609_aaai.v39i25.34897,Proceedings of the AAAI Conference on Artificial Intelligence,Fast Contiguous Somatic Hypermutations for Single-Objective Optimisation and Multi-Objective Optimisation Via Decomposition,,,
10.1609_aaai.v39i27.35021,Proceedings of the AAAI Conference on Artificial Intelligence,Optimizing Gene-Based Testing for Antibiotic Resistance Prediction,https://github.com/Eiphodos/GenoPhen,https://github.com/Eiphodos/GenoPhen,dead
10.1609_aaai.v39i27.35126,Proceedings of the AAAI Conference on Artificial Intelligence,Compression-Aware Computing for Scalable and Sustainable AI,,,
10.1609_aaai.v39i28.35242,Proceedings of the AAAI Conference on Artificial Intelligence,scMBERT: A Pre-Trained Deep Learning Model for Single-Cell Multiomic Data Representation and Prediction (Student Abstract),,,
10.1609_aaai.v39i4.32362,Proceedings of the AAAI Conference on Artificial Intelligence,Generalized Class Discovery in Instance Segmentation,,,
10.1609_aaai.v40i1.36962,Proceedings of the AAAI Conference on Artificial Intelligence,Learning Structurally Stabilized Representations for Lossless DNA Storage,,,
10.1609_aaai.v40i1.36997,Proceedings of the AAAI Conference on Artificial Intelligence,S²Drug: Bridging Protein Sequence and 3D Structure in Contrastive Representation Learning for Virtual Screening,,,
10.1609_aaai.v40i1.37008,Proceedings of the AAAI Conference on Artificial Intelligence,PanFoMa: A Lightweight Foundation Model and Benchmark for Pan-Cancer,,,
10.1609_aaai.v40i1.37012,Proceedings of the AAAI Conference on Artificial Intelligence,RMSAGen: Integrating Multiple Sequence Alignment for Function RNA Design,https://github.com/google-deepmind/alphafold3,https://github.com/google-deepmind/alphafold3,live
10.1609_aaai.v40i1.37027,Proceedings of the AAAI Conference on Artificial Intelligence,Learning Cell-Aware Hierarchical Multi-Modal Representations for Robust Molecular Modeling,https://github.com/limengran98/CHMR,https://github.com/limengran98/CHMR,live
10.1609_aaai.v40i1.37032,Proceedings of the AAAI Conference on Artificial Intelligence,MergeDNA: Context-Aware Genome Modeling with Dynamic Tokenization Through Token Merging,,,
10.1609_aaai.v40i1.37037,Proceedings of the AAAI Conference on Artificial Intelligence,DS-ProGen: A Dual-Structure Deep Language Model for Functional Protein Design,https://github.com/chq1155/PRIDE,https://github.com/chq1155/PRIDE,dead
10.1609_aaai.v40i1.37041,Proceedings of the AAAI Conference on Artificial Intelligence,CellStream: Dynamical Optimal Transport Informed Embeddings for Reconstructing Cellular Trajectories from Snapshots Data,https://github.com/PQ-Zhang/CellStream,https://github.com/PQ-Zhang/CellStream,live
10.1609_aaai.v40i1.37046,Proceedings of the AAAI Conference on Artificial Intelligence,CLM-Access: A Specialized Foundation Model for High-Dimensional Single-Cell ATAC-Seq Analysis,https://github.com/HIM-AIM/CLM-Access,https://github.com/HIM-AIM/CLM-Access,live
10.1609_aaai.v40i1.37047,Proceedings of the AAAI Conference on Artificial Intelligence,When Genes Speak: A Semantic-Guided Framework for Spatially Resolved Transcriptomics Data Clustering,https://github.com/longjiangk/SemST,https://github.com/longjiangk/SemST,live
10.1609_aaai.v40i11.37857,Proceedings of the AAAI Conference on Artificial Intelligence,Auxiliary Gene Learning: Spatial Gene Expression Estimation by Auxiliary Gene Selection,https://github.com/Shiku-Kaito/AGL,https://github.com/Shiku-Kaito/AGL,live
10.1609_aaai.v40i19.38666,Proceedings of the AAAI Conference on Artificial Intelligence,Sequence-Free for Compound Protein Interaction Prediction,https://github.com/Hoch-Zhang/BioText-CPI,https://github.com/Hoch-Zhang/BioText-CPI,live
10.1609_aaai.v40i19.38673,Proceedings of the AAAI Conference on Artificial Intelligence,Evidence-aware Integration and Domain Identification of Spatial Transcriptomics Data,https://github.com/wayc04/PREST,https://github.com/wayc04/PREST,live
10.1609_aaai.v40i2.37055,Proceedings of the AAAI Conference on Artificial Intelligence,The GATTACA Framework: Graph Neural Network-Based Reinforcement Learning for Controlling Biological Networks,https://github.com/andrzejmizera/gattaca,https://github.com/andrzejmizera/gattaca,live
10.1609_aaai.v40i2.37059,Proceedings of the AAAI Conference on Artificial Intelligence,Refinement Contrastive Learning of Cell–Gene Associations for Unsupervised Cell Type Identification,https://github.com/THPengL/scRCL,https://github.com/THPengL/scRCL,live
10.1609_aaai.v40i2.37070,Proceedings of the AAAI Conference on Artificial Intelligence,Structure-based RNA Design by Step-wise Optimization of Latent Diffusion Model,https://github.com/darkflash03/SOLD,https://github.com/darkflash03/SOLD,live
10.1609_aaai.v40i2.37084,Proceedings of the AAAI Conference on Artificial Intelligence,Efficient Protein Optimization via Structure-aware Hamiltonian Dynamics,https://github.com/plus-w/HADES,https://github.com/plus-w/HADES,live
10.1609_aaai.v40i2.37102,Proceedings of the AAAI Conference on Artificial Intelligence,Investigating Data Pruning for Pretraining Biological Foundation Models at Scale,https://github.com/victor-yifanwu/bio-coreset,https://github.com/victor-yifanwu/bio-coreset,live
10.1609_aaai.v40i2.37110,Proceedings of the AAAI Conference on Artificial Intelligence,scCluBench: Comprehensive Benchmarking of Clustering Algorithms for Single-Cell RNA Sequencing,https://github.com/XPgogogo/scCluBench,https://github.com/XPgogogo/scCluBench,live
10.1609_aaai.v40i2.37114,Proceedings of the AAAI Conference on Artificial Intelligence,GenePheno: Interpretable Gene Knockout-Induced Phenotype Abnormality Prediction from Gene Sequences,,,
10.1609_aaai.v40i2.37128,Proceedings of the AAAI Conference on Artificial Intelligence,Domain-Aware Multi-View Contrastive Representation Learning for Protein Subcellular Localization Prediction,https://github.com/Qzhangyx/DMVCL,https://github.com/Qzhangyx/DMVCL,live
10.1609_aaai.v40i21.38804,Proceedings of the AAAI Conference on Artificial Intelligence,SSL-CST: Cell Segmentation for Single-Cell Spatial Transcriptome Based on Self-Supervised Learning,https://github.com/wlhuo/SSL-CST,https://github.com/wlhuo/SSL-CST,dead
10.1609_aaai.v40i21.38861,Proceedings of the AAAI Conference on Artificial Intelligence,GATCL: An Adaptive Contrastive Learning Framework Based on MHGAT for Spatial Domain Identification in Spatial Transcriptomics,,,
10.1609_aaai.v40i21.38862,Proceedings of the AAAI Conference on Artificial Intelligence,SAMGTD: Spatial-Aware Masked Graph Transformer-Diffusion Model for Enhanced Cell Type Deconvolution in Spatial Transcriptomics,,,
10.1609_aaai.v40i24.39048,Proceedings of the AAAI Conference on Artificial Intelligence,Multi-Level Domain Adaptation and Contrastive Domain Isolation with Bilinear Fusion for Patient Drug Response Prediction,https://github.com/YutingBai99/MACB-DRP,https://github.com/YutingBai99/MACB-DRP,live
10.1609_aaai.v40i25.39190,Proceedings of the AAAI Conference on Artificial Intelligence,Departures: Distributional Transport for Single-Cell Perturbation Prediction with Neural Schrödinger Bridges,https://github.com/ChangxiChi/Departures,https://github.com/ChangxiChi/Departures,live
10.1609_aaai.v40i26.39289,Proceedings of the AAAI Conference on Artificial Intelligence,"Disturbance-based Discretization, Differentiable IDS Channel, and an IDS-Correcting Code for DNA-based Storage",,,
10.1609_aaai.v40i26.39367,Proceedings of the AAAI Conference on Artificial Intelligence,Oxytrees: Model Trees for Bipartite Learning,https://github.com/pedroilidio/oxytrees2026,https://github.com/pedroilidio/oxytrees2026,live
10.1609_aaai.v40i28.39524,Proceedings of the AAAI Conference on Artificial Intelligence,FedDNA: DNA Sequence Reconstruction via Deep Evidential Learning and Personalized Federated Aggregation,,,
10.1609_aaai.v40i29.39613,Proceedings of the AAAI Conference on Artificial Intelligence,Loss-Guided Auxiliary Agents for Overcoming Mode Collapse in GFlowNets,,,
10.1609_aaai.v40i31.39806,Proceedings of the AAAI Conference on Artificial Intelligence,Hybrid Restricted Master Problem for Boolean Matrix Factorisation,https://github.com/e-vissch/bfact-core,https://github.com/e-vissch/bfact-core,live
10.1609_aaai.v40i31.39843,Proceedings of the AAAI Conference on Artificial Intelligence,Robust Integrative Analysis of Multi-omics Datasets via Nuclear-norm Maximization,https://github.com/dreamkily/RIA,https://github.com/dreamkily/RIA,live
10.1609_aaai.v40i32.39944,Proceedings of the AAAI Conference on Artificial Intelligence,FuseMine: Robust Multi-Modal Compound-Protein Interaction Prediction via Differential Attention Feature Mining,https://github.com/Biowust/FuseMine,https://github.com/Biowust/FuseMine,live
10.1609_aaai.v40i33.39980,Proceedings of the AAAI Conference on Artificial Intelligence,TrinityDNA: A Bio-Inspired Foundational Model for Efficient Long-Sequence DNA Modeling,,,
10.1609_aaai.v40i40.40713,Proceedings of the AAAI Conference on Artificial Intelligence,ST-LLM: Spatial Transcriptomics Embedding with Large Language Models,,,
10.1609_aaai.v40i46.41280,Proceedings of the AAAI Conference on Artificial Intelligence,BSAN: Behavioral State Attention Network for Modeling Mosquito Host-Seeking Behavior,,,
10.1609_aaai.v40i47.41378,Proceedings of the AAAI Conference on Artificial Intelligence,Learngene: Inheritable ‘Genes’ in Intelligent Agents (Abstract Reprint),,,
10.1609_aaai.v40i47.41443,Proceedings of the AAAI Conference on Artificial Intelligence,Efficient Chromosome Parallelization for Precision Medicine Genomic Workflows,,,
10.1609_aaai.v40i48.42320,Proceedings of the AAAI Conference on Artificial Intelligence,Towards Data-Efficient Deep Learning for RNA 3D Structure Prediction and Design,,,
10.1609_aaai.v40i9.37646,Proceedings of the AAAI Conference on Artificial Intelligence,Learning to Cluster Rare Cell Types: Implicit Semantic Data Augmentation for Spatial Multi-modal Omics Analysis,,,
1YHF7B8Yjk,ICLR 2026 Poster,Generalised Flow Maps for Few-Step Generative Modelling on Riemannian Manifolds,,,
1iuaxjssVp,ICLR 2025 Spotlight,Fast Uncovering of Protein Sequence Diversity from Structure,https://github.com/soedinglab/MMseqs2,https://github.com/soedinglab/MMseqs2;https://github.com/luchinoprince/Potts_Inverse_Folding;https://github.com/ranganathanlab/bmDCA,live
1nqu7bK1mm,ICLR 2026 Poster,WFR-FM: Simulation-Free Dynamic Unbalanced Optimal Transport,https://github.com/QiangweiPeng/WFR-FM,https://github.com/QiangweiPeng/WFR-FM,live
1taAXRcm21,ICLR 2026 Poster,"A Unification of Discrete, Gaussian, and Simplicial Diffusion",https://github.com/jzhoulab/ddsm,https://github.com/jzhoulab/ddsm;https://github.com/HannesStark/dirichlet-flow-matching;https://github.com/yucenli/unify-diffusion;https://github.com/louaaron/Score-Entropy-Discrete-Diffusion;https://github.com/nuriachandra/bpAITAC,live
21rSeWJHPF,ICLR 2025 Poster,Balanced Ranking with Relative Centrality: A multi-core periphery perspective,,,
283cGgWfM2,ICML 2024 Poster,ESM All-Atom: Multi-Scale Protein Language Model for Unified Molecular Modeling,https://github.com/zhengkangjie/ESM-AA,https://github.com/zhengkangjie/ESM-AA,live
2dlmcTXfcY,ICML 2024 Poster,Kernel-Based Evaluation of Conditional Biological Sequence Models,,,
3Fgylj4uqL,ICLR 2025 Poster,Interpretable Causal Representation Learning for Biological Data in the Pathway Space,https://github.com/ML4BM-Lab/SENA,https://github.com/ML4BM-Lab/SENA,live
3MnMGLctKb,ICLR 2025 Poster,Multi-Modal and Multi-Attribute Generation of Single Cells with CFGen,https://github.com/theislab/CFGen,https://github.com/theislab/CFGen;https://github.com/atong01/conditional-flow-matching,live
4UY1NHG5Ge,ICLR 2026 Poster,Tokenization to Transfer: Do Genomic Foundation Models Learn Good Representations?,https://github.com/m42-health/gfm-random-eval,https://github.com/m42-health/gfm-random-eval,live
4nOZBufbLC,ICLR 2026 Poster,Count Bridges enable Modeling and Deconvolving Transcriptomic Data,https://github.com/njwfish/count_bridges,https://github.com/njwfish/count_bridges,live
4ptHfbHG3D,ICLR 2026 Poster,Multi-state Protein Sequence Design with DynamicMPNN,,,
5M4Qa9AqY7,ICML 2024 Poster,Scalable and Flexible Causal Discovery with an Efficient Test for Adjacency,https://github.com/azizilab/sdcd,https://github.com/azizilab/sdcd;https://github.com/Genentech/dcdfg;https://github.com/AlanNawzadAmin/DAT-graph,live
5RcoUe1tA1,ICLR 2026 Poster,SC-Arena: A Natural Language Benchmark for Single-Cell Reasoning with Knowledge-Augmented Evaluation,https://github.com/SUAT-AIRI/SC-Arena,https://github.com/SUAT-AIRI/SC-Arena,live
5WEpbilssv,ICLR 2025 Poster,Contextualizing biological perturbation experiments through language,https://github.com/genentech/PerturbQA,https://github.com/genentech/PerturbQA;https://github.com/InternLM/lmdeploy,live
5ubZyHPhnK,ICLR 2026 Poster,An evolutionary perspective on modes of learning in Transformers,,,
6MRm3G4NiU,ICLR 2024 spotlight,SaProt: Protein Language Modeling with Structure-aware Vocabulary,https://github.com/westlake-repl/SaProt,https://github.com/westlake-repl/SaProt,live
8wQ7Oc08vo,ICLR 2026 Poster,A New Paradigm for Genome-wide DNA Methylation Prediction Without Methylation Input,https://github.com/YakhiniGroup/Methylation,https://github.com/YakhiniGroup/Methylation;https://github.com/lcamillo/CpGPT;https://github.com/xk-huang/methylprophet,live
9SYczU3Qgm,ICLR 2025 Poster,Meta Flow Matching: Integrating Vector Fields on the Wasserstein Manifold,https://github.com/lazaratan/meta-flow-matching,https://github.com/lazaratan/meta-flow-matching,live
9W6KaAcYlr,ICLR 2024 poster,Most discriminative stimuli for functional cell type clustering,https://github.com/ecker-lab/most-discriminative-stimuli,https://github.com/ecker-lab/most-discriminative-stimuli,live
9htTvHkUhh,ICLR 2025 Poster,Beyond Sequence: Impact of Geometric Context for RNA Property Prediction,,,
9qzpNSTUYp,ICML 2025 poster,Reward-Guided Iterative Refinement in Diffusion Models at Test-Time with Applications to Protein and DNA Design,https://github.com/masa-ue/ProDifEvo-Refinement,https://github.com/masa-ue/ProDifEvo-Refinement;https://github.com/masa-ue/ProDifEvo-,live
A9hJvQHEEP,ICML 2024 Poster,Quantum Theory and Application of Contextual Optimal Transport,,,
AFZeojzjoG,ICLR 2026 Poster,PatchDNA: A Flexible and Biologically-Informed Alternative to Tokenization for DNA,https://github.com/qiaoqiaoLF/MxDNA,https://github.com/qiaoqiaoLF/MxDNA;https://github.com/RelationRx/patchDNA;https://github.com/kundajelab/DART-Eval,live
AJls43yje7,ICLR 2026 Poster,Multi-Marginal Flow Matching with Adversarially Learnt Interpolants,https://github.com/kkapusniak/metric-flow-matching,https://github.com/kkapusniak/metric-flow-matching;https://github.com/KrishnaswamyLab/TrajectoryNet;https://github.com/mmacosha/adversarially-learned-interpolants,live
ATvN9JnqZ8,ICML 2024 Poster,Generative Enzyme Design Guided by Functionally Important Sites and Small-Molecule Substrates,https://github.com/LeiLiLab/EnzyGen,https://github.com/LeiLiLab/EnzyGen,live
Ada9Z68nvb,ICML 2024 Poster,Deciphering RNA Secondary Structure Prediction: A Probabilistic K-Rook Matching Perspective,https://github.com/A4Bio/RFold,https://github.com/A4Bio/RFold,live
B07dLVWLyD,ICLR 2025 Poster,Revisiting Convolution Architecture in the Realm of DNA Foundation Models,https://github.com/aim-uofa/ConvNova,https://github.com/aim-uofa/ConvNova,live
BEH4mGo7zP,ICLR 2024 poster,"Pre-training Sequence, Structure, and Surface Features for Comprehensive Protein Representation Learning",,,
BKXvPDekud,ICLR 2024 poster,CellPLM: Pre-training of Cell Language Model Beyond Single Cells,https://github.com/OmicsML/CellPLM,https://github.com/OmicsML/CellPLM,live
BOunbuapcv,ICML 2024 Poster,VQDNA: Unleashing the Power of Vector Quantization for Multi-Species Genomic Sequence Modeling,,,
BbZy8nI1si,ICLR 2025 Poster,Learning Molecular Representation in a Cell,https://github.com/liugangcode/InfoAlign,https://github.com/liugangcode/InfoAlign,live
BsA2GNkJhz,ICLR 2026 Poster,CellAgent: LLM-Driven Multi-Agent Framework  for Natural Language-Based Single-Cell Analysis,https://github.com/23AIBox/cellagent,https://github.com/23AIBox/cellagent,live
C45YqeBDUM,ICLR 2025 Poster,The KoLMogorov Test: Compression by Code Generation,https://github.com/vllm-project/vllm,https://github.com/vllm-project/vllm,live
C5OIolrNJd,ICLR 2026 Poster,GeneBreaker: Jailbreak Attacks against DNA Language Models with Pathogenicity Guidance,,,
CF3kJrAwmV,ICLR 2026 Poster,BioBO: Biology-informed Bayesian Optimization for Perturbation Design,,,
DTatjJTDl1,ICLR 2025 Poster,Trivialized Momentum Facilitates Diffusion Generative Modeling on Lie Groups,https://github.com/yuchen-zhu-zyc/TDM,https://github.com/yuchen-zhu-zyc/TDM,live
DpLFmc09pC,ICLR 2025 Poster,DEPfold: RNA Secondary Structure Prediction as Dependency Parsing.,https://github.com/yzhangcs/parser,https://github.com/yzhangcs/parser;https://github.com/Vicky-0256/DEPfold;https://github.com/Vicky-0256/DEPfold.git,live
DzSNH5APPl,ICLR 2026 Poster,Learning Explicit Single-Cell Dynamics Using ODE Representations,https://github.com/czi-ai/cell-mnn,https://github.com/czi-ai/cell-mnn;https://github.com/KrishnaswamyLab/TrajectoryNet,live
E1m5yGMOiV,ICLR 2025 Poster,KinPFN: Bayesian Approximation of RNA Folding Kinetics using Prior-Data Fitted Networks,https://github.com/automl/KinPFN,https://github.com/automl/KinPFN;https://github.com/automl/neps,live
EWt5wsEdvc,ICML 2024 Poster,Cell2Sentence: Teaching Large Language Models the Language of Biology,https://github.com/tatsu-lab/stanford_alpaca,https://github.com/tatsu-lab/stanford_alpaca,live
EfUrTeuUfy,ICML 2024 Poster,"Junk DNA Hypothesis: Pruning Small Pre-Trained Weights $\textit{Irreversibly}$ and $\textit{Monotonically}$ Impairs ``Difficult"" Downstream Tasks in LLMs",https://github.com/VITA-Group/Junk_DNA_Hypothesis,https://github.com/VITA-Group/Junk_DNA_Hypothesis,live
F4IMiNhim1,ICLR 2025 Poster,Regulatory DNA Sequence Design with Reinforcement Learning,https://github.com/yangzhao1230/TACO,https://github.com/yangzhao1230/TACO,live
FBhKUXK7od,ICLR 2025 Poster,Fast unsupervised ground metric learning with tree-Wasserstein distance,https://github.com/jax-ml/jax,https://github.com/jax-ml/jax;https://github.com/kiradust/tree-wsv,live
FEZOLWexPb,ICLR 2025 Poster,MAESTRO: Masked Encoding Set Transformer with Self-Distillation,,,
FUaDMRVrbS,ICLR 2025 Poster,Identifiability for Gaussian Processes with Holomorphic Kernels,https://github.com/Ameer-eng/iclr2025-simulation,https://github.com/Ameer-eng/iclr2025-simulation,live
FXw0okNcOb,ICLR 2025 Poster,Discrete Copula Diffusion,https://github.com/liuanji/Copula-Diffusion,https://github.com/liuanji/Copula-Diffusion;https://github.com/xhan77/ssd-lm;https://github.com/ngruver/NOS;https://github.com/karpathy/nanoGPT,live
Fj7Fzm5lWL,ICLR 2024 poster,Let's do the time-warp-attend: Learning topological invariants of dynamical systems,https://github.com/nitzanlab/time-warp-attend,https://github.com/nitzanlab/time-warp-attend;https://github.com/karpathy/pytorch-normalizing-flows;https://github.com/zaman13/Vector-Field-Topolgy-2D;https://github.com/nitzanlab/phase2vec,live
G328D1xt4W,ICLR 2025 Poster,Fine-Tuning Discrete Diffusion Models via Reward Optimization with Applications to DNA and Protein Design,https://github.com/ChenyuWang-Monica/DRAKES,https://github.com/ChenyuWang-Monica/DRAKES;https://github.com/Nkluge-correa/Aira,live
G9UhQEZHjY,ICLR 2026 Poster,NC-Bench and NCfold: A Benchmark and Closed-Loop Framework for RNA Non-Canonical Base-Pair Prediction,https://github.com/heqin-zhu/NCBench,https://github.com/heqin-zhu/NCBench,live
GZ7gwOZ6Or,ICML 2025 poster,Protriever: End-to-End Differentiable Protein Homology Search for Fitness Prediction,https://github.com/OATML-Markslab/Protriever,https://github.com/OATML-Markslab/Protriever,live
HAwZGLcye3,ICLR 2025 Poster,BioDiscoveryAgent: An AI Agent for Designing Genetic Perturbation Experiments,https://github.com/Significant-Gravitas/Auto-GPT,https://github.com/Significant-Gravitas/Auto-GPT;https://github.com/gijswobben/pymed;https://github.com/snap-stanford/BioDiscoveryAgent,live
HV8vZDDoYc,ICML 2025 poster,"PyTDC: A multimodal machine learning training, evaluation, and inference platform for biomedical foundation models",https://github.com/apliko-xyz/PyTDC,https://github.com/apliko-xyz/PyTDC;https://github.com/amva13/pinnacle_benchmark;https://github.com/amva13/pinnacle,live
Hk4Fb6kaYF,ICLR 2026 Poster,CDBridge: A Cross-omics Post-training Bridge Strategy for Context-aware Biological Modeling,,,
HsHxSN23rM,ICLR 2025 Oral,STAR: Synthesis of Tailored Architectures,,,
I43IOiimO6,ICLR 2026 Poster,CARL: Preserving Causal Structure in Representation Learning,,,
I4meJN28Ol,ICLR 2026 Poster,CellDuality: Unlocking Biological Reasoning in LLMs with Self-Supervised RLVR,,,
IjbXZdugdj,ICLR 2025 Poster,"Bio-xLSTM: Generative modeling, representation and in-context learning of biological and chemical sequences",https://github.com/ml-jku/DNA-xLSTM,https://github.com/ml-jku/DNA-xLSTM;https://github.com/ml-jku/Prot-xLSTM;https://github.com/ml-jku/Chem-xLSTM;https://github.com/OATML-Markslab/ProteinGym,live
KXrgDM3mVD,ICLR 2025 Poster,Distilling Structural Representations into Protein Sequence Models,https://github.com/jozhang97/ISM,https://github.com/jozhang97/ISM,live
MDAg5Q7IsI,ICML 2024 Poster,Predicting Dose-Response Curves with Deep Neural Networks,https://github.com/alonsocampana/ARCANet,https://github.com/alonsocampana/ARCANet;https://github.com/CancerRxGene/gdscIC50,live
MMHqnUOnl0,ICLR 2025 Poster,HELM: Hierarchical Encoding for mRNA Language Modeling,,,
MRmI68k3gd,ICML 2025 poster,Wasserstein Flow Matching: Generative Modeling Over Families of Distributions,https://github.com/DoronHav/WassersteinFlowMatching,https://github.com/DoronHav/WassersteinFlowMatching,live
Mfnh1Sqdwf,ICLR 2025 Oral,Learning to Discover Regulatory Elements for Gene Expression Prediction,https://github.com/divelab/AIRS,https://github.com/divelab/AIRS,live
MikandLqtW,ICML 2024 Poster,Knowledge-aware Reinforced Language Models for Protein Directed Evolution,https://github.com/HICAI-ZJU/KnowRLM,https://github.com/HICAI-ZJU/KnowRLM,live
NFffW9tBmC,ICLR 2026 Poster,Iterative Distillation for Reward-Guided Fine-Tuning of Diffusion Models in Biomolecular Design,https://github.com/microsoft/evodiff,https://github.com/microsoft/evodiff;https://github.com/sjgosai/boda2,live
NNnkLi1ALt,ICLR 2026 Poster,Intrinsic Lorentz Neural Network,https://github.com/Longchentong/ILNN,https://github.com/Longchentong/ILNN,live
NUAbSFqyqb,ICML 2024 Poster,Diffusion Language Models Are Versatile Protein Learners,https://github.com/OpenLMLab/MOSS,https://github.com/OpenLMLab/MOSS;https://github.com/tatsu-lab/stanford_alpaca;https://github.com/Significant-Gravitas/Auto-GPT,live
NjgaeXNit3,ICLR 2026 Poster,Divide and Abstract: Autoformalization via Decomposition and Abstraction Learning,https://github.com/marcusm117/DNA,https://github.com/marcusm117/DNA;https://github.com/rahul3613/ProofNet-lean4,live
NkGDNM8LB0,ICLR 2025 Poster,Hyperbolic Genome Embeddings,https://github.com/rrkhan/HGE,https://github.com/rrkhan/HGE,live
OERwuPzHdh,ICML 2024 Poster,DNA-SE: Towards Deep Neural-Nets Assisted Semiparametric Estimation,https://github.com/liuqs111/DNA-SE,https://github.com/liuqs111/DNA-SE,live
OwLl8Xi6JG,ICLR 2026 Poster,A Resolution-Agnostic Geometric Transformer for Chromosome Modeling Using Inertial Frame,https://github.com/yize1203/InertialGenome,https://github.com/yize1203/InertialGenome,live
P15CHILQlg,ICLR 2024 oral,Learning Energy Decompositions for Partial Inference in GFlowNets,,,
PSiijdQjNU,ICLR 2025 Oral,Steering Protein Family Design through Profile Bayesian Flow,,,
QSGanMEcUV,ICLR 2026 Poster,scDFM: Distributional Flow Matching Model for Robust Single-Cell Perturbation Prediction,https://github.com/AI4Science-WestlakeU/scDFM,https://github.com/AI4Science-WestlakeU/scDFM;https://github.com/ArcInstitute/cell-eval,live
QaTBHSqmH9,ICLR 2025 Poster,Size-Generalizable RNA Structure Evaluation by Exploring Hierarchical Geometries,,,
RemfXx7ebP,ICLR 2024 poster,RDesign: Hierarchical Data-efficient Representation Learning for Tertiary Structure-based RNA Design,https://github.com/A4Bio/RDesign,https://github.com/A4Bio/RDesign,live
Su0qe33cWA,ICML 2024 Poster,Wasserstein Wormhole: Scalable Optimal Transport Distance with Transformer,https://github.com/DoronHav/jax_dwe,https://github.com/DoronHav/jax_dwe,live
TUKt7ag0qq,ICLR 2025 Poster,Metalic: Meta-Learning In-Context with Protein Language Models,https://github.com/instadeepai/metalic,https://github.com/instadeepai/metalic,live
Tqdsruwyac,ICLR 2025 Poster,Estimation of single-cell and tissue perturbation effect in spatial transcriptomics via Spatial Causal Disentanglement,,,
UIxHaAqFqQ,ICLR 2026 Oral,LLM DNA: Tracing Model Evolution via Functional Representations,https://github.com/Xtra-Computing/LLM-DNA,https://github.com/Xtra-Computing/LLM-DNA,live
UoYdZQIZWj,ICLR 2026 Poster,KGOT: Unified Knowledge Graph and Optimal Transport Pseudo-Labeling for Molecule-Protein Interaction Prediction,,,
UvPdpa4LuV,ICLR 2025 Poster,Protein Language Model Fitness is a Matter of Preference,,,
WBN0Mz3VAC,ICML 2025 poster,KinDEL: DNA-Encoded Library Dataset for Kinase Inhibitors,https://github.com/insitro/kindel,https://github.com/insitro/kindel,live
WwmtcGr4lP,ICLR 2025 Poster,GANDALF: Generative AttentioN based Data Augmentation and predictive modeLing Framework for personalized cancer treatment,https://github.com/ajayago/GANDALF,https://github.com/ajayago/GANDALF,live
XGGcnKelda,ICML 2024 Poster,Enforcing Constraints in RNA Secondary Structure Predictions: A Post-Processing Framework Based on the Assignment Problem,https://github.com/KangSeokjun/RNASecondaryStructure,https://github.com/KangSeokjun/RNASecondaryStructure,live
Xlayxj2fWp,ICLR 2024 poster,DNA-GPT: Divergent N-Gram Analysis for Training-Free Detection of GPT-Generated Text,https://github.com/Xianjun-Yang/DNA-GPT,https://github.com/Xianjun-Yang/DNA-GPT,live
XsgHl54yO7,ICLR 2025 Poster,Unlocking Guidance for Discrete State-Space Diffusion and Flow Models,https://github.com/andrew-cr/tauLDR,https://github.com/andrew-cr/tauLDR;https://github.com/w86763777/pytorch-gan-metrics;https://github.com/HannesStark/dirichlet-flow-matching;https://github.com/dauparas/ProteinMPNN;https://github.com/hnisonoff/discrete_guidance;https://github.com/hnisonoff/discrete;https://github.com/andrew-cr/discrete_flow_models;https://github.com/andrew-cr/discrete;https://github.com/chembl/ChEMBL_Structure_Pipeline;https://github.com/chembl/ChEMBL,live
Y0zPlHDO5p,ICLR 2026 Poster,AntigenLM: Structure-Aware DNA Language Modeling for Influenza,https://github.com/Moonn1205/AntigenLM,https://github.com/Moonn1205/AntigenLM,live
Y7xCdFuFw7,ICLR 2026 Poster,HeurekaBench: A Benchmarking Framework for AI Co-scientist,https://github.com/langchain-ai/langchain,https://github.com/langchain-ai/langchain;https://github.com/mlbio-epfl/HeurekaBench;https://github.com/mlbio-epfl/heurekabench,live
aX7X9z3vQS,ICLR 2025 Spotlight,Recovering Manifold Structure Using Ollivier Ricci Curvature,https://github.com/TristanSaidi/orcml,https://github.com/TristanSaidi/orcml,live
afnyJfQddk,ICML 2024 Poster,Gaussian Processes on Cellular Complexes,https://github.com/google/jax,https://github.com/google/jax,live
bcTjW5kS4W,ICLR 2025 Spotlight,NetFormer: An interpretable model for recovering dynamical connectivity in neuronal population dynamics,https://github.com/FieteLab/neural-circuit-inference,https://github.com/FieteLab/neural-circuit-inference;https://github.com/arthur-pe/LtrRNN;https://github.com/NeuroAIHub/NetFormer;https://github.com/lindermanlab/ssm,live
cpc63YrVWN,ICLR 2026 Poster,A Joint Diffusion Model with Pre-Trained Priors for RNA Sequence-Structure Co-Design,https://github.com/pylelab/rMSA,https://github.com/pylelab/rMSA,live
dWxb80a0TW,ICML 2024 Poster,Generalist Equivariant Transformer Towards 3D Molecular Interaction Learning,https://github.com/THUNLP-MT/GET,https://github.com/THUNLP-MT/GET;https://github.com/lucidrains/equiformer-pytorch,live
dsHpulHpOK,ICLR 2025 Spotlight,Reinforcement Learning for Control of Non-Markovian Cellular Population Dynamics,https://github.com/JacobHA/RL4Dosing,https://github.com/JacobHA/RL4Dosing,live
gFR4QwK53h,ICLR 2024 oral,Gene Regulatory Network Inference in the Presence of Dropouts: a Causal View,https://github.com/MarkDana/scRNA-Causal-Dropout,https://github.com/MarkDana/scRNA-Causal-Dropout;https://github.com/py-why/causal-learn;https://github.com/juangamella/ges;https://github.com/cmu-phil/tetrad,live
gQlxd3Mtru,ICLR 2025 Oral,Learning stochastic dynamics from snapshots through regularized unbalanced optimal transport,https://github.com/zhenyiizhang/DeepRUOT,https://github.com/zhenyiizhang/DeepRUOT,live
h9b5h69v3p,ICLR 2026 Poster,Discrete Diffusion Trajectory Alignment via Stepwise Decomposition,https://github.com/hanjq17/discrete-diffusion-sdpo,https://github.com/hanjq17/discrete-diffusion-sdpo;https://github.com/tatsu-lab/alpaca_eval,live
hWmwL9gizZ,ICLR 2025 Poster,Immunogenicity Prediction with Dual Attention Enables Vaccine Target Selection,https://github.com/songleee/VenusVaccine,https://github.com/songleee/VenusVaccine,live
hhq89Hs7T3,ICLR 2026 Poster,VCWorld: A Biological World Model for Virtual Cell Simulation,https://github.com/GENTEL-lab/VCWorld,https://github.com/GENTEL-lab/VCWorld;https://github.com/theislab/cpa;https://github.com/scverse/scvi-tools;https://github.com/ArcInstitute/state,live
hjROBHstZ3,ICLR 2025 Poster,Causal Representation Learning from Multimodal Biomedical Observations,,,
hwnObmOTrV,ICLR 2025 Spotlight,Modeling Complex System Dynamics with Flow Matching Across Time and Conditions,https://github.com/Genentech/MMFM,https://github.com/Genentech/MMFM,live
iAmR7FfMmq,ICLR 2025 Poster,Improving Graph Neural Networks by Learning Continuous Edge Directions,https://github.com/hormoz-lab/coed-gnn,https://github.com/hormoz-lab/coed-gnn,live
itGkF993gz,ICLR 2024 spotlight,MAPE-PPI: Towards Effective and Efficient Protein-Protein Interaction Prediction via Microenvironment-Aware Protein Embedding,https://github.com/LirongWu/MAPE-PPI,https://github.com/LirongWu/MAPE-PPI,live
jE5ZbtMtcU,ICLR 2025 Poster,BLEND: Behavior-guided Neural Population Dynamics Modeling via Privileged Knowledge Distillation,https://github.com/dddavid4real/BLEND,https://github.com/dddavid4real/BLEND;https://github.com/neurallatents/nlb_tools;https://github.com/snel-repo/neural-data-transformers;https://github.com/lumimim/NeuPRINT,live
jJCeMiwHdH,ICLR 2024 poster,BioBridge: Bridging Biomedical Foundation Models via Knowledge Graphs,https://github.com/RyanWangZf/BioBridge,https://github.com/RyanWangZf/BioBridge;https://github.com/gnn4dr/DRKG,live
ja4rpheN2n,ICLR 2025 Oral,GeSubNet: Gene Interaction Inference for Disease Subtype Network Generation,https://github.com/chenzRG/GeSubNet,https://github.com/chenzRG/GeSubNet,live
jlzNb1iWs3,ICLR 2025 Poster,The OMG dataset: An Open MetaGenomic corpus for mixed-modality genomic language modeling,https://github.com/TattaBio/OMG,https://github.com/TattaBio/OMG,live
jrFJWpDZvq,ICLR 2026 Poster,DeepSADR: Deep Transfer Learning with Subsequence Interaction and Adaptive Readout for Cancer Drug Response Prediction,https://github.com/ZYPssss/DeepSADR,https://github.com/ZYPssss/DeepSADR,live
jxvqvZLBuU,ICML 2024 Poster,RNAFlow: RNA Structure & Sequence Design via Inverse Folding-Based Flow Matching,https://github.com/divnori/rnaflow,https://github.com/divnori/rnaflow,live
l7QEoK4uDP,ICLR 2026 Poster,SAVE: A Generalizable Framework for Multi-Condition Single-Cell Generation with Gene Block Attention,https://github.com/fdu-wangfeilab/sc-save,https://github.com/fdu-wangfeilab/sc-save;https://github.com/theislab/scgen-reproducibility;https://github.com/YosefLab/scVI-data,live
lAlI5FuIf7,ICLR 2026 Oral,Planner Aware Path Learning in Diffusion Language Models Training,https://github.com/pengzhangzhi/PAPL,https://github.com/pengzhangzhi/PAPL;https://github.com/pengzhangzhi/Open-dLLM;https://github.com/bytedance/dplm,live
lDyS4Qg5Ww,ICLR 2026 Poster,RIDER: 3D RNA Inverse Design with Reinforcement Learning-Guided Diffusion,https://github.com/COLA-Laboratory/RIDER,https://github.com/COLA-Laboratory/RIDER,live
lK82jpa8jr,ICLR 2026 Poster,HEIST: A Graph Foundation Model for Spatial Transcriptomics and Proteomics Data,https://github.com/Graph-and-Geometric-Learning/HEIST,https://github.com/Graph-and-Geometric-Learning/HEIST,live
lvw3UgeVxS,ICLR 2025 Spotlight,gRNAde: Geometric Deep Learning for 3D RNA inverse design,https://github.com/A4Bio/RDesign,https://github.com/A4Bio/RDesign;https://github.com/chaitjo/geometric-rna-design,live
m18MXVdrV9,ICLR 2026 Poster,Information Estimation with Discrete Diffusion,https://github.com/AlbertoForesti/mutinfo-diffusion,https://github.com/AlbertoForesti/mutinfo-diffusion,live
m38vyzeoO0,ICLR 2026 Poster,Inheriting Generalizable Knowledge from LLMs to Diverse Vertical Tasks,https://github.com/databrickslabs/dolly,https://github.com/databrickslabs/dolly,live
m826DekCpp,ICLR 2026 Poster,Property-Driven Protein Inverse Folding with Multi-Objective Preference Alignment,https://github.com/facebookresearch/esm,https://github.com/facebookresearch/esm;https://github.com/dauparas/ProteinMPNN;https://github.com/Qivon7/MoMPNN;https://github.com/Eikor/InstructPLM;https://github.com/meilerlab/HyperMPNN;https://github.com/hnisonoff/discrete_guidance;https://github.com/nrbennet/dl_binder_design;https://github.com/ibmm-unibe-ch/TemBERTure;https://github.com/A4Bio/ProteinInvBench;https://github.com/evo-design/protein-dpo;https://github.com/nrbennet/dl_binder_,live
mk3A5IUdn8,ICML 2024 Poster,Caduceus: Bi-Directional Equivariant Long-Range DNA Sequence Modeling,https://github.com/facebookresearch/hydra,https://github.com/facebookresearch/hydra;https://github.com/Lightning-AI/lightning;https://github.com/kuleshov-group/caduceus,live
mtdyZsa47V,ICLR 2026 Poster,Ultra-Fast Language Generation via Discrete Diffusion Divergence Instruct,https://github.com/haoyangzheng-ai/didi-instruct,https://github.com/haoyangzheng-ai/didi-instruct,live
nTwb2vBLOV,ICLR 2024 poster,Rethinking the Power of Graph Canonization in Graph Representation Learning with Stability,https://github.com/zehao-dong/RethinkGraphCanonical,https://github.com/zehao-dong/RethinkGraphCanonical,dead
nYjAzwor9R,ICLR 2025 Poster,Tree-Wasserstein Distance for High Dimensional Data with a Latent Feature Hierarchy,https://github.com/solevillar/scGeneFit-python,https://github.com/solevillar/scGeneFit-python;https://github.com/ya-wei-eileen-lin/TWDwithLatentFeatureHierarchy,live
noUF58SMra,ICLR 2025 Poster,MeToken: Uniform Micro-environment Token Boosts Post-Translational Modification Prediction,,,
oMLQB4EZE1,ICLR 2024 poster,DNABERT-2: Efficient Foundation Model and Benchmark For Multi-Species Genomes,https://github.com/MAGICS-LAB/DNABERT_2,https://github.com/MAGICS-LAB/DNABERT_2;https://github.com/mosaicml/composer,live
oa7L4vcJ77,ICLR 2026 Poster,Fast Estimation of Wasserstein Distances via Regression on Sliced Wasserstein Distances,https://github.com/hainn2803/Regression-Wasserstein,https://github.com/hainn2803/Regression-Wasserstein,live
ogMTEtHO6M,ICLR 2026 Poster,Self-Speculative Masked Diffusions,https://github.com/bytedance/dplm,https://github.com/bytedance/dplm;https://github.com/jdeschena/sdtt,live
qE4nkfyMYl,ICML 2024 Spotlight,Estimating Unknown Population Sizes Using the Hypergeometric Distribution,,,
qOyF214xmg,ICLR 2026 Poster,Transducing Language Models,https://github.com/genlm/genlm-bytes,https://github.com/genlm/genlm-bytes;https://github.com/genlm/genlm-backend;https://github.com/rycolab/transducing-language-models;https://github.com/openai/tiktoken,live
qclNnbjxNJ,ICLR 2026 Poster,Characterization and Learning of Causal Graphs with Latent Confounders and Post-treatment Selection from Interventional Data,https://github.com/GongxuLuo/F-FCI,https://github.com/GongxuLuo/F-FCI;https://github.com/uhlerlab/causaldag;https://github.com/MarkDana/CDIS,live
qsthLLlCtl,ICLR 2026 Poster,PRISM: Enhancing PRotein Inverse Folding through Fine- Grained Retrieval on Structure-Sequence Multimodal Representations,,,
quxeCxJwKm,ICLR 2026 Poster,A Diffusion Model to Shrink Proteins While Maintaining Their Function,https://github.com/microsoft/evodiff,https://github.com/microsoft/evodiff;https://github.com/HeliXonProtein/OmegaFold;https://github.com/pengzhangzhi/faesm;https://github.com/baronet2/SCISOR;https://github.com/bytedance/dplm;https://github.com/enijkamp/progen2;https://github.com/rohitsinghlab/raygun;https://github.com/OATML-Markslab/ProteinGym;https://github.com/AlanNawzadAmin/SCUD;https://github.com/hefeda/PGP,live
rvpDHfoTd2,ICLR 2026 Poster,Doloris: Dual Conditional Diffusion Implicit Bridges with Sparsity Masking Strategy for Unpaired Single-Cell Perturbation Estimation,https://github.com/ChangxiChi/Doloris,https://github.com/ChangxiChi/Doloris,live
s1WJSRaJuy,ICML 2025 poster,Variational Phylogenetic Inference with Products over Bipartitions,https://github.com/EvanSidrow/VIPR,https://github.com/EvanSidrow/VIPR;https://github.com/zcrabbit/vbpi-torch,live
syXFAVqx85,ICML 2024 Poster,Dirichlet Flow Matching with Applications to DNA Sequence Design,https://github.com/HannesStark/dirichlet-flow-matching,https://github.com/HannesStark/dirichlet-flow-matching,live
t04D9bkKUq,ICML 2025 poster,PertEval-scFM: Benchmarking Single-Cell Foundation Models for Perturbation Effect Prediction,https://github.com/aaronwtr/PertEval,https://github.com/aaronwtr/PertEval;https://github.com/bowang-lab/scGPT;https://github.com/TencentAILabHealthcare/scBERT;https://github.com/TranslationalBioinformaticsUnit/scbert-reusability;https://github.com/biomap-research/scFoundation;https://github.com/snap-stanford/UCE,live
uKB4cFNQFg,ICLR 2024 poster,BEND: Benchmarking DNA Language Models on Biologically Meaningful Tasks,https://github.com/frederikkemarin/BEND,https://github.com/frederikkemarin/BEND;https://github.com/google-deepmind/deepmind-research,live
uQnvYP7yX9,ICLR 2025 Poster,ReNovo: Retrieval-Based \emph{De Novo} Mass Spectrometry Peptide Sequencing,,,
vBJZ93tvoE,ICML 2024 Poster,Modelling Microbial Communities with Graph Neural Networks,,,
vBw8JGBJWj,ICLR 2024 poster,Encoding Unitig-level Assembly Graphs with Heterophilous Constraints for Metagenomic Contigs Binning,https://github.com/xuehansheng/UnitigBIN,https://github.com/xuehansheng/UnitigBIN;https://github.com/BigDataBiology/SemiBin;https://github.com/RasmussenLab/vamb;https://github.com/MicrobialDarkMatter/GraphMB;https://github.com/xuehansheng/RepBin;https://github.com/metagentools/MetaCoAG;https://github.com/MicrobialDarkMatter/ccvae;https://github.com/chklovski/CheckM2,live
vFanHFE4Qv,ICLR 2025 Poster,Neuron Platonic Intrinsic Representation From Dynamics Using Contrastive Learning,https://github.com/ww20hust/NeurPIR,https://github.com/ww20hust/NeurPIR,live
vaflHrZhlY,ICLR 2026 Poster,AutoDV: An End-to-End Deep Learning Model for High-Dimensional Data Visualization,https://github.com/DryDew/AutoDV,https://github.com/DryDew/AutoDV;https://github.com/fcarli/parametric;https://github.com/AlexMour92/inductive-tsne,live
wwItuHdus6,ICML 2024 Poster,A Computational Framework for Solving Wasserstein Lagrangian Flows,https://github.com/necludov/wl-mechanics,https://github.com/necludov/wl-mechanics,live
wwPSfcf5Pj,ICLR 2026 Oral,Extending Sequence Length is Not All You Need: Effective Integration of Multimodal Signals for Gene Expression Prediction,https://github.com/yangzhao1230/Prism,https://github.com/yangzhao1230/Prism,live
xByvdb3DCm,ICLR 2025 Oral,When Selection Meets Intervention: Additional Complexities in Causal Discovery,https://github.com/MarkDana/CDIS,https://github.com/MarkDana/CDIS;https://github.com/uhlerlab/causaldag,live
xhEN0kJh4q,ICLR 2024 poster,Robust Model-Based Optimization for Challenging Fitness Landscapes,https://github.com/sabagh1994/PGVAE,https://github.com/sabagh1994/PGVAE,live
y5L8W0KRUX,ICML 2024 Poster,Evolution-Inspired Loss Functions for Protein Representation Learning,,,
zdOGBRQEbz,ICML 2025 spotlightposter,"From Mechanistic Interpretability to Mechanistic Biology: Training, Evaluating, and Interpreting Sparse Autoencoders on Protein Language Models",https://github.com/etowahadams/interprot,https://github.com/etowahadams/interprot,live
zxlbh55PhC,ICLR 2026 Poster,Clustering by Denoising: Latent plug-and-play diffusion for single-cell embeddings,https://github.com/dommeier/dice,https://github.com/dommeier/dice;https://github.com/KrishnaswamyLab/MAGIC,live
